??	??	UP?	??	av	BV	??	????	????	???	??	??	???	??
??|?Hi-Res/4K/??????????-???? “???????”	"???????????????????????????????
??????????????pv  WallPaper Engine ??pv????
????????-????"	Peaceful0616	??	av116488841202587	BV1gF9xBoEfd	https://www.bilibili.com/video/BV1gF9xBoEfd	25/9/2026 0:57	30/4/2026 8:10	143	110785	203	3947	http://i0.hdslb.com/bfs/archive/a252edc1c2cfe7f6482d52d1641550adef6f718d.jpg
?Hi-Res?????????????????????? ???????? ??????????? ?????????????	"?Hi-Res?????????????????????? ???????? ??????????? ?????????????
 
 
 
????????????????????????????"	???????	??	av1906362904	BV1eU411U76c	https://www.bilibili.com/video/BV1eU411U76c	25/9/2026 0:57	29/7/2024 11:00	274	242712	25	6615	http://i1.hdslb.com/bfs/archive/2cf64f76e767097fadb49dd995eab25969ca6626.jpg
?????????official????(62??????	"?????? ??????
???? ????
?????? ?????
????? ????? ??
?????????
??????
?????? ?????
????? ???????
??? ???????
????? ???????
?????? ?????
?????? ??????
???? ????
?????? ?????
????? ????? ??
?????????
??????
?????? ?????
????? ???????
??? ???????
????? ??????"	??music	??	av116169336036295	BV1iAPTzuEaQ	https://www.bilibili.com/video/BV1iAPTzuEaQ	25/9/2026 0:56	4/3/2026 13:53	195	389129	45	9826	http://i0.hdslb.com/bfs/archive/b64c86ecef92d374d034d4b45de0c475c0cec2a8.jpg
??????????? ??&?????????Hi-res?	"????????????? ?????????????????????????????

?????
???Neumann M149 tube Pair
????SSL Duality Delta Pro Station
????PT
???Barefoot MM12
[??]"	JLRS-LeoFM	??	av229994690	BV1fh411N7Qx	https://www.bilibili.com/video/BV1fh411N7Qx	25/9/2026 0:54	21/6/2023 18:20	246	4538333	678	80681	http://i0.hdslb.com/bfs/archive/3581859b549e17a76379a0631ebde18816e5b294.jpg
??????????-????????????|“???????? ????????”	"???????????? - ??
	???????
	??????
	???????"	?????	??	av666670803	BV1Ba4y1k7Dw	https://www.bilibili.com/video/BV1Ba4y1k7Dw	25/9/2026 0:54	24/1/2024 13:16	217	222235	107	4751	http://i1.hdslb.com/bfs/archive/26a4e25f2b156e3d7d39097c048b2318b483e9ce.jpg
??????????-W.K.|“????????????”		?????	??	av113316789751318	BV1DYmKYhE6i	https://www.bilibili.com/video/BV1DYmKYhE6i	25/9/2026 0:53	16/10/2024 19:12	311	600465	146	8016	http://i1.hdslb.com/bfs/archive/39841d05164a5e9577447f7234ddfce5574594ba.jpg
?????? ?? - ??	"?????

-???????,????!
-???????????????
-????????
-???????????
-?????????????????????
-?????????"	?????	??	av115811679208832	BV1WJiTBJEkV	https://www.bilibili.com/video/BV1WJiTBJEkV	25/9/2026 0:53	31/12/2025 9:56	253	300004	6	6818	http://i2.hdslb.com/bfs/archive/7688ba390184ca75c6dd94c2ddb0d439b57fba85.jpg
????? ????	"??????
??????
?????? 
??????
???Mr.??"	???-Lao??	??	av372922499	BV13Z4y1G7S1	https://www.bilibili.com/video/BV13Z4y1G7S1	25/9/2026 0:52	25/11/2020 17:00	253	7456544	3139	169999	http://i2.hdslb.com/bfs/archive/03cad5fbc39d59c1c601495e37598842d35d3b4e.jpg
?4K Hi-Res???-???		????	??	av115313949542621	BV1U6xWzYEkj	https://www.bilibili.com/video/BV1U6xWzYEkj	25/9/2026 0:51	4/10/2025 20:00	210	50015	1	1816	http://i0.hdslb.com/bfs/archive/4d0787f185c97a6b506599ff97039fe010a64df9.jpg
?Hi-Res?????/??????????????????? ???????????/Lyrics?	"?????????? ??????????????????????????????????????

?Hi-Res?????/??????????????????? ???????????/Lyrics?
?????
?????
??????
AIGC??"	???????	??	av116733905994384	BV1xAE66ME4J	https://www.bilibili.com/video/BV1xAE66ME4J	13/6/2026 0:38	12/6/2026 18:00	235	87612	12	1466	http://i0.hdslb.com/bfs/archive/1cd8ef65ab5ca506c234eefe6887ab1f6d493f76.jpg
?????-????????????????- ??? -‘???????????’	"?Hi-Res?????????- ???
——————————————
???????????????
——————————————
??????????????
——————————————
?????????????~?"	VV???	??	av114955118450896	BV1S1hsz2EMX	https://www.bilibili.com/video/BV1S1hsz2EMX	8/6/2026 1:26	2/8/2025 10:18	246	449972	1086	8987	http://i1.hdslb.com/bfs/archive/3e17545fd55650c7cdcaa525d38a5c122c9f446d.jpg
?????????&??????????4K?????? ???? ????? ??? ?????????????	"?????????&??????????4K?????? ???? ????? ??? ?????????????

?????
???????????????????????
????????????????????????????????
??????????????????????????????????????
?????????????????????????????????????????????????????"	???????	??	av847290677	BV1GL4y1e7yM	https://www.bilibili.com/video/BV1GL4y1e7yM	7/6/2026 23:41	13/8/2021 16:19	247	1444634	217	15597	http://i1.hdslb.com/bfs/archive/3f182eacaf160231f79d0faaad295d576696bbdb.jpg
?Hi-Res????????????????????????????? ?????? ?????? ???????????/Lyrics?	"?????????? ????????????????????????????????

?Hi-Res????????????????????????????? ?????? ?????? ???????????/Lyrics?
?????
?????
??????

 (?????????????????????????????"	???????	??	av114480004468438	BV14aVDz6EsV	https://www.bilibili.com/video/BV14aVDz6EsV	21/5/2026 17:48	10/5/2025 5:38	211	838253	159	14667	http://i2.hdslb.com/bfs/archive/379b3e6e6e2a642b7cd66fff740d8267baada5d6.jpg
?Hi-Res????YueYue?????????????????????? ??????  ???????????????/Lyrics?	"?????????? ????????????????????????????????

?Hi-Res????YueYue?????????????????????? ?????? ???????????????/Lyrics?
	?????
	?????
	??????

 (?????????????????????????????"	???????	??	av114085370790238	BV1VGXQY3ERo	https://www.bilibili.com/video/BV1VGXQY3ERo	21/5/2026 17:45	1/3/2025 15:00	219	502994	21	6152	http://i0.hdslb.com/bfs/archive/54e9653cafd77b2f8e21c9c17806631972762eb7.jpg
?Hi-Res???Zic????????????????????????????? ?????? ?????????	"?????????? ????????????????????????????????

?Hi-Res???Zic????????????????????????????? ?????? ????????????/Lyrics?
	??????
	??????
	??????
	??????
	?????
	????haha
	???????

???????????????????????"	???????	??	av278599881	BV1Jw411K72q	https://www.bilibili.com/video/BV1Jw411K72q	21/5/2026 17:16	17/11/2023 17:59	207	878540	250	7145	http://i2.hdslb.com/bfs/archive/2dc9e0bb4a1985005f4d72a11b95062b3a3b448f.jpg
?????????????????????????????????????? ???? ???? ??????????????????	"?????????YLMusicChannel?????? ???????????????????????????????

?????????????????????? ???? ???? ??????????????????

	????
	???Ewenn@????
	??????
	??????
	?????????
	???????
	??????

????“?????? ???? ???? ????????????”"	???????	??	av522149597	BV1DM411y7vd	https://www.bilibili.com/video/BV1DM411y7vd	21/5/2026 16:58	3/1/2023 12:42	250	1421190	121	4982	http://i2.hdslb.com/bfs/archive/190c78919c9e687a9e7782c7fc4733207bcf1931.jpg
??????-??  “???????  ???????  ???????  ???????  ???????  ??????? ?????  ?????”		?plus	??	av113600408650954	BV1z7ioYsEAt	https://www.bilibili.com/video/BV1z7ioYsEAt	21/5/2026 1:30	5/12/2024 21:24	214	12334	0	90	http://i1.hdslb.com/bfs/archive/32b8b7dea18d0af39c4ff054c2f033592c31a7b1.jpg
????-??? “ ???????? ????  ???????  ???????  ?????  ????? ??????”		?plus	??	av113430723821905	BV1MpDNYcEmp	https://www.bilibili.com/video/BV1MpDNYcEmp	21/5/2026 0:49	5/11/2024 22:09	243	16567	3	61	http://i0.hdslb.com/bfs/archive/75e3b50b510cc8d52e61ba41d26dd884ca21098a.jpg
????-?? “ ????? ????? ???????? ????? ??????  ?????????? ????? ??????”		?plus	??	av113316923969231	BV1MdmNYoEQM	https://www.bilibili.com/video/BV1MdmNYoEQM	21/5/2026 0:13	16/10/2024 19:50	314	38693	1	113	http://i2.hdslb.com/bfs/archive/4429cb133f6f4791119f4736070e1c87c90b6c02.jpg
?Hi-Res?????-?????????? ??????????	"????????????????????

?????????????????????????????????????????2011????????????????"	???????	??	av999240652	BV1ox4y1X7do	https://www.bilibili.com/video/BV1ox4y1X7do	20/5/2026 23:54	12/8/2023 17:00	226	217589	3	1704	http://i1.hdslb.com/bfs/archive/ca3dfc5f99da2805751837c8f938dacbe3f46267.jpg
?Hi-Res?????-???????? ?????? ??? ???????????	"????????????????????????????????????????????????????????????????????

??????????????????"	???????	??	av836796670	BV1Zg4y1Y7Ni	https://www.bilibili.com/video/BV1Zg4y1Y7Ni	20/5/2026 23:51	1/2/2024 17:00	277	186669	1	1582	http://i0.hdslb.com/bfs/archive/3f505b3a925bcb848465bc3112fcf658b170cab4.jpg
?4K60FPS HIFI?? ?????????~?????? ??????? ????????	"??
??????UP"	???	??	av399274350	BV1To4y1u7JX	https://www.bilibili.com/video/BV1To4y1u7JX	20/5/2026 23:02	1/6/2023 15:31	249	221750	15	3895	http://i0.hdslb.com/bfs/archive/94d2a394d091536b139f0d9fa1b51c31aab6e388.jpg
?????-???Hi-Res?“????? ????????”	"“????? ??????? ????? ???”

??: ???
??: ??
??: Fsy??
???: ???

????
?????????
??Wallpaper Engine????
?????"	???????	??	av114198231124643	BV1kXXzYsEYP	https://www.bilibili.com/video/BV1kXXzYsEYP	20/5/2026 22:54	21/3/2025 11:29	225	343433	24	8464	http://i2.hdslb.com/bfs/archive/fc5e15d8434371d7e95c326f2f5fa8dd1502fda1.jpg
??&????????????????	"??????????????????????????????????????????????????2021?7?18?????????????

????? 
???Neumann M149 tube Pair 
????SSL Duality Delta Pro Station 
????PT"	JLRS-LeoFM	??	av115812836903393	BV1FSiMBUE8j	https://www.bilibili.com/video/BV1FSiMBUE8j	20/5/2026 22:04	2/1/2026 18:44	156	408909	71	8319	http://i1.hdslb.com/bfs/archive/ce28730288cb28579bdccde5a0387577f702d047.jpg
??????????????---?????		????	??	av353344223	BV1DX4y1S7fz	https://www.bilibili.com/video/BV1DX4y1S7fz	20/5/2026 20:32	10/3/2023 21:30	181	249801	90	6179	http://i1.hdslb.com/bfs/archive/35de2540d78ddcff6e347b6a751ee8e94e9e3992.jpg
???????????????????????	-	????	??	av115558343251870	BV1yyC9BPE2o	https://www.bilibili.com/video/BV1yyC9BPE2o	20/5/2026 20:27	16/11/2025 16:09	223	138446	3	2488	http://i1.hdslb.com/bfs/archive/9c8954ea6dba0ff7d8e8ef4749d4f6ad11ec1064.jpg
?????-??  “??????????  ??????????  ??????  ??????  ??????????”		?plus	??	av113464160813188	BV15wmUYXEmA	https://www.bilibili.com/video/BV15wmUYXEmA	20/5/2026 17:49	11/11/2024 19:53	232	28675	1	350	http://i1.hdslb.com/bfs/archive/31e7c912c9467254a95ec1d06204e122b6d6b68a.jpg
?Hi-Res?????????????????!??????  ????? ???? ?????????/Lyrics?	"?????????? ????????????????????????????????

?Hi-Res???????????????????!?????? ????? ???? ?????????/Lyrics?
?????
?????
?????

 (?????????????????????????????"	???????	??	av114767096185907	BV1cp3AzsEM9	https://www.bilibili.com/video/BV1cp3AzsEM9	20/5/2026 17:40	29/6/2025 22:23	179	731998	743	16387	http://i0.hdslb.com/bfs/archive/86a4868f0cedfc4779001537f25b23fe26d90074.jpg
??-???		????	??	av116567425681189	BV1iq5y6dEw5	https://www.bilibili.com/video/BV1iq5y6dEw5	20/5/2026 17:29	13/5/2026 21:11	248	7404	0	100	http://i1.hdslb.com/bfs/archive/26432c66d6408c47c06a9872ef9110c6d8e2d548.jpg
?YueYue????????????????	"???????? ????·???? ??/??????????????YueYue?????????2021?7?15?????????????????

?????
 ???Neumann M149 tube Pair 
????SSL Duality Delta Pro Station 
????PT 
???Barefoot MM12"	JLRS-LeoFM	??	av114272805850801	BV12dZyYxEMh	https://www.bilibili.com/video/BV12dZyYxEMh	20/5/2026 17:18	5/4/2025 19:03	208	849352	259	15921	http://i1.hdslb.com/bfs/archive/23bb238a809cb144986ad6a870546644bdf23d0b.jpg
?Hi-Res????????????2025???“??????? ???????”| ????? | ????	"Hi-Res????+????+?????

??????????????????????????????????

????????????????????????????????????????????????????????????????????????????????????????????????????????????????????????????????????"	Music???	??	av116480486218390	BV1JD9BB3ENW	https://www.bilibili.com/video/BV1JD9BB3ENW	20/5/2026 17:04	1/5/2026 12:00	249	17242	1	219	http://i0.hdslb.com/bfs/archive/4f39a4e675c0b974146044babccb65fd4af57bc3.jpg
?Hi-Res??????? ???????? ??????		?????	??	av112835233517065	BV1g98qetECm	https://www.bilibili.com/video/BV1g98qetECm	20/5/2026 16:15	23/7/2024 18:10	157	287922	1	12605	http://i1.hdslb.com/bfs/archive/bd25b0b8c3493d1d8237abdb16e9206b1e42531e.jpg
?Hi-Res?????/???-??????????? ????????????	"?????????????????????????????????????????????“??????”???2017?5????

??????????????????"	???????	??	av116496810377471	BV1QRRKB3ELm	https://www.bilibili.com/video/BV1QRRKB3ELm	20/5/2026 15:11	1/5/2026 10:01	336	90474	17	1413	http://i2.hdslb.com/bfs/archive/56ed2edd62a2b2281145ab7b30cefa54304c3358.jpg
??????·????????????????	?? ?????? ????????????????????	?????	??	av2309152	BV1ys411D7vJ	https://www.bilibili.com/video/BV1ys411D7vJ	18/5/2026 20:34	10/5/2015 4:31	267	2161	122	63	http://i1.hdslb.com/bfs/archive/3f56eaa3e1815fb15359031217d8f59d7c45747c.png
?????????-Winky?|???????????????	"???
??:Winky?
??:???
??:Winky?
??:Winky?"	?????	??	av664862121	BV15a4y1r7Sg	https://www.bilibili.com/video/BV15a4y1r7Sg	18/5/2026 20:26	15/12/2023 21:12	235	61509	6	331	http://i2.hdslb.com/bfs/archive/221eae2f08c1a862f6b8052a546334e3454fa370.jpg
????????????(???)|“???????????? ??????”	"?? - ??
?????
????????????

	????????????????????????????????????????????
	?????????????????????????????????????????????????????????????"	?????	??	av877699141	BV1gN4y1z73s	https://www.bilibili.com/video/BV1gN4y1z73s	18/5/2026 20:14	24/12/2023 0:11	235	59881	49	472	http://i0.hdslb.com/bfs/archive/ee4d57d85058668dd2eb9c0bbe8aee2f2a25f514.jpg
?????????-?????????????? ???????????	"?? : Zzz_??
?? : ???
?? : ???
???????????"	?????	??	av794125995	BV1iC4y1r7cg	https://www.bilibili.com/video/BV1iC4y1r7cg	18/5/2026 20:07	25/1/2024 14:28	258	555251	375	10984	http://i2.hdslb.com/bfs/archive/9f90500fde38ca5d7a417ffa72e2e0944a1eb4bd.jpg
???????????	-	????	??	av116463323125836	BV1ewoUBvE6V	https://www.bilibili.com/video/BV1ewoUBvE6V	18/5/2026 20:05	25/4/2026 11:56	299	1596	0	29	http://i1.hdslb.com/bfs/archive/9efe9ed5ea7fdf3650da3fe4bab9beb86a517247.jpg
??????????????|“???? ?????”		?????	??	av1500521261	BV1dS421N74E	https://www.bilibili.com/video/BV1dS421N74E	18/5/2026 19:36	16/2/2024 9:10	270	114032	107	871	http://i0.hdslb.com/bfs/archive/abe04e0a6cd60dc232f8d98bb34675dd933556e4.jpg
????????-?????|“?????????????????”		?????	??	av1151838841	BV1UZ421h7u1	https://www.bilibili.com/video/BV1UZ421h7u1	18/5/2026 18:54	17/3/2024 15:10	192	973619	240	18356	http://i2.hdslb.com/bfs/archive/c8811124413edf69534646ba048a4ee4c159c866.jpg
?????????-???????|“?????????????????????????”		?????	??	av1102192947	BV1fA4m1P7Zq	https://www.bilibili.com/video/BV1fA4m1P7Zq	18/5/2026 17:24	26/3/2024 0:23	175	154318	101	2418	http://i1.hdslb.com/bfs/archive/813423d3f2a3913b5e6003c2e98f03250896f8e8.jpg
????????-???????|“??? ?????? ???????”		?????	??	av1705114829	BV1UT421i76b	https://www.bilibili.com/video/BV1UT421i76b	18/5/2026 14:50	26/5/2024 9:20	210	914628	146	21215	http://i2.hdslb.com/bfs/archive/c5e41a730735a6aeb8f4a718af0d97da6d0abf9a.jpg
“??????????????…”	-	?z?	??	av115785473201267	BV1mfBYBvEBm	https://www.bilibili.com/video/BV1mfBYBvEBm	18/5/2026 1:41	26/12/2025 18:51	198	84577	1	2043	http://i1.hdslb.com/bfs/archive/56e0eb91877453fc4544ab8d6e0ece53028b92e7.jpg
??????????? ???????????????????Hi-res?	"????????????????????????????????????????????50?????????????????????????????????????????????

?????
???Neumann M149 tube Pair
????SSL Duality Delta Pro Station
????PT
???Barefoot MM12
[??]"	JLRS-LeoFM	??	av915792112	BV1au4y1k7Qi	https://www.bilibili.com/video/BV1au4y1k7Qi	18/5/2026 1:39	11/9/2023 18:26	413	873824	1290	9951	http://i0.hdslb.com/bfs/archive/a53065d7138e6e56e26a09c8358d83490593a959.jpg
??????????? Tank??????Hi-res?	"??????Tank?????????Tank???????Tank??????Tank2006?2?24???????Fighting????????

?????
???Neumann M149 tube Pair
????SSL Duality Delta Pro Station
????PT
???Barefoot MM12
[??]"	JLRS-LeoFM	??	av444695387	BV1cj411X7gY	https://www.bilibili.com/video/BV1cj411X7gY	18/5/2026 1:38	13/6/2023 11:07	250	5861121	787	98109	http://i1.hdslb.com/bfs/archive/534fd28846c8922e6220299e4d7d1124ea7f1e97.jpg
?????????-???/???“????? ?????~”	"?????????-???/???“????? ?????~”
?:??
?:???

?????????????????????????????
????????????????????????"	????music	??	av115743815436853	BV1rqq9B7E29	https://www.bilibili.com/video/BV1rqq9B7E29	18/5/2026 1:37	19/12/2025 12:50	202	340483	18	9407	http://i0.hdslb.com/bfs/archive/781356468661a3a1bd182f96241e5e85b7322861.jpg
??????????-???|“??????????????”		?????	??	av112899070624347	BV1ubv9ejEgZ	https://www.bilibili.com/video/BV1ubv9ejEgZ	18/5/2026 1:32	4/8/2024 9:40	252	110342	108	1403	http://i2.hdslb.com/bfs/archive/f063a4885d9511c73ef264ff7d189de460eff7bb.jpg
????????????-???|“?????????? ??????????”		?????	??	av113135713257737	BV1JctKeyE5Q	https://www.bilibili.com/video/BV1JctKeyE5Q	18/5/2026 0:37	14/9/2024 19:43	230	103675	105	491	http://i0.hdslb.com/bfs/archive/ba523e93916778494ca287c0b4976506311a2132.jpg
????????????-?????????|“????????????????????”		?????	??	av113549707838735	BV19Lz5YiE6K	https://www.bilibili.com/video/BV19Lz5YiE6K	18/5/2026 0:10	26/11/2024 22:24	214	59303	27	123	http://i2.hdslb.com/bfs/archive/fa39c221340f90ae91f446cab6eea448b7512230.jpg
?????|4K?????-??/??|“??????? ????????”	"????-??/??
?? : ??Lin
?? : ???
?? : willen

????????“???????????”"	?????	??	av115706049988298	BV11gmEBLETJ	https://www.bilibili.com/video/BV11gmEBLETJ	17/5/2026 2:16	12/12/2025 18:17	258	36400	31	266	http://i2.hdslb.com/bfs/archive/05b4eb72e6b1493a1821af7e3ef89eacd8778766.jpg
???????????????????MV	-	????	??	av116513906367356	BV1MGReByETx	https://www.bilibili.com/video/BV1MGReByETx	15/5/2026 0:18	4/5/2026 10:37	4337	297289	2678	8572	http://i2.hdslb.com/bfs/archive/01e6a99ba76a7fc08989793f662a0a256f94e38e.jpg
?3???????70?????	???????????????	????Histensky	??	av116455068729496	BV15aogBhEqA	https://www.bilibili.com/video/BV15aogBhEqA	28/4/2026 16:11	24/4/2026 9:00	205	1190085	1412	31743	http://i2.hdslb.com/bfs/archive/bc198eb4aa82faf6e962da9f79f68fb41bc0c4c7.jpg
??????????????The Carol of the Old Ones?	"??????
????????????????????????????"	????	??	av817526751	BV1iG4y1t7Zj	https://www.bilibili.com/video/BV1iG4y1t7Zj	19/4/2026 22:59	13/11/2022 12:41	69	2191456	840	53345	http://i2.hdslb.com/bfs/archive/1cb7c26f127ad0edc280190b65fff7d5285a2bd0.jpg
????&????????——??3?????	"??: ??
??: ??
??/??: ??/LTC
??: ??
PV: ??????????
????: ???——??3?????
-???????-??
?????
??????&??
?????
?????
?????
?????
???LTC
?????
PV???????????"	-???-	??	av21170135	BV1ZW411g7F1	https://www.bilibili.com/video/BV1ZW411g7F1	18/4/2026 17:38	24/3/2018 17:58	243	52714	808	2658	http://i1.hdslb.com/bfs/archive/0380c2cc21ff29d50240b3051051f1e144354546.jpg
???x???????——????????&???	"?????????????????????????????????????????????
——???????5.27?????

??/??/???????
??????
????????
?????
?????
?????
???????????????????
      ??????????wxh??????
      ???????????1212
???????
?????????
?????luckylukey
?????????
      ?????????????????"	-???-	??	av53770918	BV164411p7yX	https://www.bilibili.com/video/BV164411p7yX	18/4/2026 17:34	27/5/2019 16:05	258	551741	3983	9272	http://i1.hdslb.com/bfs/archive/cc6bbc86809f565e943a827deb27f634d6f4845b.jpg
??????????-?????“ ?????? ?????? ???”	"?????????????????????????????-??????????????????????????????????????????
????/???:)

?????????"	????	??	av112968511523009	BV1UoeTe2EAZ	https://www.bilibili.com/video/BV1UoeTe2EAZ	18/4/2026 17:33	16/8/2024 7:01	215	303	0	8	http://i1.hdslb.com/bfs/archive/9c77dfaffcfbe3bc2c01b646e6c20e11ad150247.jpg
???JUN????????---????????	"?????
?????JUN
?????JUN
?????JUN
?????JUN
???????JUN
??????JUN
?????
?????
????
?????
?????boy

???????????
???????????
????????????
???????????

????????????
?????????????
????????????
??????????

music

???????????
???????????
????????????
???????????

"	??????JUN	??	av52718591	BV1j441177X5	https://www.bilibili.com/video/BV1j441177X5	18/4/2026 17:29	17/5/2019 14:45	241	680860	4459	28189	http://i2.hdslb.com/bfs/archive/9dd06601f80f0704ca5bbae2ebe46e11a870b0cf.jpg
?HD_MP3|???Tacke???????????????????????????????????????	"??????????????????????????????
??????????????????????????????????????????????????????
??????????????????????????????
?????????????????????????????"	___??___	??	av492643269	BV1SN411W7Jr	https://www.bilibili.com/video/BV1SN411W7Jr	18/4/2026 17:23	28/10/2023 20:37	273	47446	0	182	http://i0.hdslb.com/bfs/archive/05fd66823321ec8cb2113ec59e5cc9f1910423c0.jpg
?????·????·?????????	"?????????????????????????! ????B????????????????~
???????????????????????
???????????????????????????~????!
----------???????--------
????????????B?????????????????????UP????????????????????
staff??&amp;amp;????: ?????????????    http://weibo.com/N9981"	??yousa	??	av13203642	BV1Yx411n7pR	https://www.bilibili.com/video/BV1Yx411n7pR	18/4/2026 17:21	11/8/2017 12:00	212	7791982	61221	316630	http://i1.hdslb.com/bfs/archive/353bc71791f4661a126ac470ca30d7a59ea8ac6e.jpg
???????????|???????????????ol????????		????lly	??	av957767778	BV1ip4y1E7ao	https://www.bilibili.com/video/BV1ip4y1E7ao	18/4/2026 17:19	27/8/2023 22:38	319	24251	7	432	http://i1.hdslb.com/bfs/archive/a2ade48d7d9f1f0a10c42d33f1d1f1deafc2fac1.jpg
??????????????????	"???????????????????~~
??????????????????????????????????????????2333
BGM???????????"	????	??	av5715103	BV1ws411y78Q	https://www.bilibili.com/video/BV1ws411y78Q	18/4/2026 17:19	8/8/2016 19:50	252	39854	523	1489	http://i2.hdslb.com/bfs/archive/82d283e5f8269b295d778a2b78c3447480625b77.jpg
?????????? ????? ????? ???? ???? ?????	"bgm??????
????????
?????????
????????
??????
????"	??z	??	av50051088	BV1Pb41157DD	https://www.bilibili.com/video/BV1Pb41157DD	18/4/2026 17:15	21/4/2019 18:31	274	206226	257	6688	http://i1.hdslb.com/bfs/archive/888a05c75999d6c712bc5146c89ad281cd8b0900.jpg
???????????????4???????	"???????????4???????

??Lyricist???  
??Composer???
??Singer???
???Producer???
??Arranger???
??Flute player???
?????Recording &Mixing Engineer???
???publisher???/???/??
??Produce Company?????·?????????"	???	??	av35456776	BV1Nb411c7r6	https://www.bilibili.com/video/BV1Nb411c7r6	18/4/2026 17:14	7/11/2018 12:00	292	227216	1431	5690	http://i1.hdslb.com/bfs/archive/445d7aa6dd0cd80efe4ce144a95c98191095c99a.jpg
?KBShinya??????iGNB????	"?????? | ??/??/???KBShinya | ??/???PoKeR
???Riyo | ???Mr.?? | ??????
??????????
IGNB???????????????????????????????????????iG??iG?????????????????????????????????iG?????????iG??????????????????S8?????"	KBShinya	??	av35666425	BV1Ct411m7cY	https://www.bilibili.com/video/BV1Ct411m7cY	18/4/2026 17:13	10/11/2018 14:00	235	262486	2278	13576	http://i0.hdslb.com/bfs/archive/8c3556b59b44deb9fe47944371ce680858a1730f.jpg
????/???????? ?????????“????”?	"??????????????~?????(¯?¯)
————
????
??/??????
??????
?????
??/??????_??
????????????
??????
?????"	???	??	av53522301	BV154411s7D9	https://www.bilibili.com/video/BV154411s7D9	18/4/2026 17:12	25/5/2019 12:55	206	228234	1390	7615	http://i2.hdslb.com/bfs/archive/5364f419e0bf19674befd48c7de862ac5901ecaa.jpg
??????????????????????  ?????????...	?????????????????????? ?????????...	????2019	??	av490415667	BV1vN411q7Eb	https://www.bilibili.com/video/BV1vN411q7Eb	16/4/2026 12:55	30/8/2023 16:10	273	202120	169	4007	http://i0.hdslb.com/bfs/archive/4672ab9065706a99378980fc59c406a82ab2f74e.jpg
????????????????“?????????????????????”	bgm???????3????????·????	??????	??	av353278320	BV1hX4y1S7b3	https://www.bilibili.com/video/BV1hX4y1S7b3	27/3/2026 10:41	10/3/2023 20:46	287	27675	0	653	http://i2.hdslb.com/bfs/archive/de11f49dd6a8fe9fc02b6c441466aeaf86802d5e.jpg
?????????ft.???	"???av3443986 
MP3?http://5sing.kugou.com/fc/15320498.html ????? ????? ?????? ?????&amp;??? ???????/?? ?????  ??Noir ?http://noirbox.lofter.com/?"	????	??	av5403066	BV1Zs411y7ty	https://www.bilibili.com/video/BV1Zs411y7ty	27/3/2026 3:12	19/7/2016 20:07	223	336163	1113	8878	http://i2.hdslb.com/bfs/archive/ee993f299c50f4380ac05857e9a021f373a066e5.jpg
?????????-???“??????????? ????????~”	"?????????-???“??????????? ????????~”
??:???
??:??/???
??:???

????????????? ?????????~
????????????????????????"	????music	??	av1551729459	BV1Wy421v7ih	https://www.bilibili.com/video/BV1Wy421v7ih	14/3/2026 4:07	11/3/2024 14:13	233	1035154	190	17810	http://i1.hdslb.com/bfs/archive/fef0804b1ce3595adf28cc96f36f36cd95b5bcbf.jpg
??????????	"???av2982420 ????av2982417  ????????? ????? ????????????????? ????? 

???????????????????????????????????????????????????????????????cosplay~=?=
??????????2333???????~?key?????????????????????????????????
??~7??????????hhhhhhhhhhhhhhhhhh?"	????	??	av5167581	BV16s411v7zh	https://www.bilibili.com/video/BV16s411v7zh	17/2/2026 2:03	2/7/2016 8:41	215	677325	2011	13086	http://i1.hdslb.com/bfs/archive/376ca486062c08bd8ff461db2d29b3905d984f6b.jpg
?????·Ein?????????/PV??	"?????~???????????????????????????????????????????????????
???????????????……?????……?????……pv???……??????????~?~?~?~?~~~~~~?????
???????????
STAFF?
?????av32228824
?????????
?? ???
?? ??
??? ??
???Signal-E
????choco???
PV?Rumia?????

“????????????”
“????????"	????	??	av32155860	BV1pW411r7YT	https://www.bilibili.com/video/BV1pW411r7YT	15/2/2026 23:57	22/9/2018 18:00	260	245666	1093	8705	http://i1.hdslb.com/bfs/archive/a855b78d04c6c66dbebb922592e1fd9253174989.jpg
?????x???????????	"vc???av21077664  ?????av21592405
?????????????
???????????????????????????????????
……?????????????
?????????????????????????????o(???)o???????????O~
?????????????????????????????????????????"	????	??	av37078441	BV1Kt411X7SE	https://www.bilibili.com/video/BV1Kt411X7SE	15/2/2026 23:48	7/12/2018 18:00	222	2633637	4454	68404	http://i0.hdslb.com/bfs/archive/ea0c9d111769ef991aeb9cd3c7f0435ca8bc66c2.jpg
??????????2.14Ver.????2.14????????????	"???av36570568
???????????????????
2.14?????????????????????????????????????????
???????????????????????1.0???????????????????????????
?????????????

??/??/???????
?/???litterzy
??????
???CuTTleFish
??????
????????
???????????&?????????
????????&????&??
??"	????	??	av43739289	BV1Ab411m7Gm	https://www.bilibili.com/video/BV1Ab411m7Gm	15/2/2026 23:45	16/2/2019 18:00	293	326585	1276	8880	http://i1.hdslb.com/bfs/archive/fe79f37e522c6df0b4cb7a9e1b5b02e625324815.jpg
?????·Ein?????	"???av36570707
??????????????~?
?/???
???papaw??
???papaw??
???Vagary
???Akamei
??: November
???????
?????
?????????"	????	??	av43133215	BV1bb411S7e4	https://www.bilibili.com/video/BV1bb411S7e4	15/2/2026 23:45	10/2/2019 17:50	256	478189	1951	16801	http://i1.hdslb.com/bfs/archive/908d6838a2b85f1289bb49a6f479524cb2a83557.jpg
?????·FRE????	"vc???av45020985
?????av45657535
?ilem????????????????????????????????????????
???????????????????????????
??"	????	??	av45786984	BV1Vb411i78H	https://www.bilibili.com/video/BV1Vb411i78H	15/2/2026 23:43	9/3/2019 18:51	204	2666476	4467	61506	http://i0.hdslb.com/bfs/archive/8a2a2386bdd93b59844ff9c6645c90e7361bec0c.jpg
?????·Ein????????????	"???av48312083
?????????
?????????????
?????????????????????KB?????key??????x
??????~~
????????????key??KB??????????+2??QAQ
???
-----------------------------------------------------------------------------------
?????-tide | ?????? | ??????
?/?????? | ????"	????	??	av48709016	BV1Xb411u7PT	https://www.bilibili.com/video/BV1Xb411u7PT	15/2/2026 23:01	8/4/2019 17:52	206	303587	548	7738	http://i0.hdslb.com/bfs/archive/3628a2817cd435096e4ddf95a0be4600ba851d88.jpg
?????·Ein??????????	"vc???av36887940   ???cv1633266
?????????……emmmmm?????????????
????????????
?????????????????????
-------------------------------------------------------------------------
?/??????
???????
???????
??????@????_?
??/??/PV???????????"	????	??	av49937812	BV1Eb411V71T	https://www.bilibili.com/video/BV1Eb411V71T	15/2/2026 22:58	20/4/2019 19:25	258	901673	1994	26045	http://i2.hdslb.com/bfs/archive/74ebf0dd105a42fc32302fe7bac713e285ce6e0a.jpg
?????·Ein???????????????????	"???av48302795
?????????????????????????
???
??????????????????+4key???????????
??????????????????????????(????)(????)?"	????	??	av51594540	BV1C4411i7M6	https://www.bilibili.com/video/BV1C4411i7M6	15/2/2026 22:57	10/5/2019 18:00	522	2907785	6624	74715	http://i2.hdslb.com/bfs/archive/018797421c9222002d67f51e7e89c2aeb9b55baa.jpg
?????·FRE?????????????up??????	"???av52636686
??????????????????
???????????????
????????? ?( T?T )? ????????????????"	????	??	av55686710	BV1Q4411V7r2	https://www.bilibili.com/video/BV1Q4411V7r2	15/2/2026 22:48	15/6/2019 20:13	363	572987	1832	18323	http://i2.hdslb.com/bfs/archive/be804397020d3c89b10a9d63a0a17c76618ce2f6.jpg
??????????2021??????	???BV1sv4y1f7Q2	????	??	av799369942	BV1Zy4y1h7cX	https://www.bilibili.com/video/BV1Zy4y1h7cX	15/2/2026 21:35	23/2/2021 4:57	257	946512	895	17839	http://i2.hdslb.com/bfs/archive/8c4b7e9ab01db5199abe8a57ae8da0e765c60fba.jpg
?????????????????	"???BV19y4y1b7Kd
??/??/???????"	????	??	av332484070	BV1CA41157SH	https://www.bilibili.com/video/BV1CA41157SH	15/2/2026 21:28	3/4/2021 18:28	236	2103446	1946	40824	http://i2.hdslb.com/bfs/archive/a6a7bf4423e4c0f6c1faab27561c4926e3d237f2.jpg
???/??/??????????????????????????	"???????  BV1U54y1k7Vd
??????
??&???????"	????	??	av890690872	BV1XP4y1h7QJ	https://www.bilibili.com/video/BV1XP4y1h7QJ	15/2/2026 20:56	24/9/2021 11:42	229	1406586	1153	31031	http://i0.hdslb.com/bfs/archive/b63780a19cce4a397e8851dba7ec2dd70df917bb.jpg
????? x ??????????????????~????????	"?????????ep423493
OP???????

???????
?????Kiho
?????
?????Kiho
???????
???????"	????	??	av975918089	BV1s44y1t7Ez	https://www.bilibili.com/video/BV1s44y1t7Ez	15/2/2026 20:51	9/10/2021 18:00	263	348281	476	8290	http://i1.hdslb.com/bfs/archive/f9ffb747d0957772fc5d084cd56ae3910f34876d.jpg
???X??????????????2????????????	"?????
??????
???1AN???
???Luigi Pistillo/??
????
?????
?????
?????Marblue/????
?????
???1AN/??
???????

???????????????????????????
????????????????????????????——????????????2?????"	??Marblue	??	av719979456	BV14Q4y1Y77x	https://www.bilibili.com/video/BV14Q4y1Y77x	15/2/2026 20:38	19/12/2021 12:00	225	766023	640	14520	http://i0.hdslb.com/bfs/archive/31cd9555a12d0200fffed674b4cbb76466b53398.jpg
??????????????????????????	"???????????????????????????
?????????????????????????……

??????????
Staff
???????
???KBShinya
??????
?????
?????
??????
?????????
PV???
????? - ?????? - ?????? - ????? - ?????? - ??
?????sara"	????	??	av917362827	BV1ku4y1p7Ng	https://www.bilibili.com/video/BV1ku4y1p7Ng	15/2/2026 1:28	19/10/2023 12:15	184	1263876	824	17194	http://i2.hdslb.com/bfs/archive/620bb29d21154be1d31c161dc1930ae32c106813.jpg
???X????????	"???????????????????????????

?????????
??????Marblue&????
??????????
?????????????????/???/???/???/??????????-????

??????????
?????????
???????
???/????/?????sui
????????sara
?????????
?????????
???????RK
?????????https://music.163.com/#/song?id=26140474"	??Marblue	??	av1055779992	BV1Tn4y1X7xN	https://www.bilibili.com/video/BV1Tn4y1X7xN	15/2/2026 1:05	28/6/2024 11:00	272	1734983	501	12531	http://i0.hdslb.com/bfs/archive/e847bb90b2decb82aeb7772624336434a4dc0f0b.jpg
??????????? ????/??????/???????	"???????
*?????????????????????????????????????????????????????????????????????????? 
*???????????????????????????????????? 
*??????????????????????????????????~ 
*??????????????????????? 
*????????????????"	??38	??	av823037090	BV1Sg4y1E7Zf	https://www.bilibili.com/video/BV1Sg4y1E7Zf	15/2/2026 0:09	5/3/2023 8:10	189	3265	0	82	http://i1.hdslb.com/bfs/archive/16cf9357f451a28c0b1118152f3cee705c17e0c5.jpg
?4K60FPS HIFI?? ?????????~??????????????? ???????????	??????UP	???	??	av358146427	BV1cX4y1e7jq	https://www.bilibili.com/video/BV1cX4y1e7jq	15/2/2026 0:09	9/7/2023 12:03	293	65648	4	1636	http://i1.hdslb.com/bfs/archive/6c76b1d1984b2c3727f53869fc20a7b56facab6d.jpg
?????????-?????????? ????????	"-???????,????!
-???????????????
-????????
-???????????
-?????????????????????
-?????????"	?????	??	av693158076	BV1k24y167bA	https://www.bilibili.com/video/BV1k24y167bA	15/2/2026 0:09	21/1/2023 16:00	302	43296	100	777	http://i0.hdslb.com/bfs/archive/3a04919eefe958c00959899ddce99cc53948b785.jpg
????????|???????|?????? ?????		????lly	??	av1650275391	BV1L7421N7Jw	https://www.bilibili.com/video/BV1L7421N7Jw	15/2/2026 0:07	5/2/2024 14:43	305	22572	4	405	http://i1.hdslb.com/bfs/archive/6850445019dd2e71921a221856ec91c426ceffad.jpg
???×Aki?????????????	"???av6192649 
?????Kune | ?:??Sui | ?:St_???PV?A_zeroth
???Mzf??? ?????????????EZ-Ven

????????????????V?????????????????????????????????????????????????????????????????????——

?????http://music.163.com/#/dj?id=795589658"	??	??	av6901515	BV1ys411s7Bv	https://www.bilibili.com/video/BV1ys411s7Bv	14/2/2026 23:55	31/10/2016 12:35	270	822884	12872	33304	http://i2.hdslb.com/bfs/archive/99a650d0db18825fef300586cae2ab4e0684ec86.jpg
???×??????	"??: ?????
??: 1AN????
??/??: 1AN?April
??: ?????????
PV: ????
????: ???kiki
??????
?????(??)???????
???????


?????????????????????????"	??	??	av15532618	BV18x411M7wf	https://www.bilibili.com/video/BV18x411M7wf	14/2/2026 23:41	19/10/2017 16:40	216	325311	4068	15664	http://i2.hdslb.com/bfs/archive/8b667b99ab1905fb10a96c22e2d608ec2117d9e4.jpg
???X??????	"??: ??
??: ??
??/??: ???
??: ??
PV: ????
????Tanjoy
??????? ??? 
??????????w

???????????????
???http://music.163.com/#/song?id=504686859"	??	??	av16507271	BV1Fx411j7DQ	https://www.bilibili.com/video/BV1Fx411j7DQ	14/2/2026 23:39	20/11/2017 14:15	289	3445741	6044	82736	http://i2.hdslb.com/bfs/archive/87906b483f82a719721abe72f1f4b85a0a8ce4e8.jpg
???????-???????	"????: ????
??: ????
??????: https://www.bilibili.com/video/av2744832/
??: ??
??: ??
??/??: ??/April-????
??: ????
PV: ???
????: http://music.163.com/#/song?id=520614783"	??	??	av16626536	BV1Kx41157Vk	https://www.bilibili.com/video/BV1Kx41157Vk	14/2/2026 23:37	24/11/2017 19:32	267	68407	719	3237	http://i0.hdslb.com/bfs/archive/f330b42d1950840c01db203d9990208423e88387.jpg
????????	"??????
?????
????????
?????? HBY
?????? WinterDance
???CuttleFish
?????
??????
?????? ??? HBY   ?????2019?????????????????????????????????·????????????????????????????????????????????????, ?????"	??	??	av39641526	BV1pt411B7Uo	https://www.bilibili.com/video/BV1pt411B7Uo	14/2/2026 23:12	1/1/2019 19:07	303	585221	2831	19678	http://i1.hdslb.com/bfs/archive/7ffcabb238becc327da4d59b3f2125c205a10a1d.jpg
???????????·????????	"?????

???Tureleon
?????
?????
??????
???????
?????
??????
???????????
????
?????
???????
PV????
??&????????"	??	??	av52824568	BV1F4411E7T8	https://www.bilibili.com/video/BV1F4411E7T8	14/2/2026 22:46	18/5/2019 14:47	291	492581	2037	19830	http://i1.hdslb.com/bfs/archive/dc56e2fc2a6cf95921b174553870b3b70e6db0a5.jpg
??/?/?/?????	"???
???????
?????/1AN/???
???1AN
?????/???/??/Aki??
?????
?????/???
???????
PV?langboom
???1AN/???"	??	??	av64999025	BV1n4411R7HS	https://www.bilibili.com/video/BV1n4411R7HS	14/2/2026 22:42	23/8/2019 16:12	276	587168	3803	32514	http://i2.hdslb.com/bfs/archive/7ceb4ad015811aba37d23eb266dce2dc88732de8.jpg
BILIBILI MACRO LINK  2019	??&??????????? ???? ???????~		??	av316355	BV1JJ411M7Ku	https://www.bilibili.com/video/BV1JJ411M7Ku	14/2/2026 22:41	13/3/2020 20:43	262	0	0	0	http://i0.hdslb.com/bfs/archive/360d74370429297987eb654518f07d48dafb33e8.jpg
?????????????Live | ??????????	"??????????LIVE?????????????????????????????????????????????????
?????????????????????????????????????????????
??????????????????10???????????????????????????????????????????????????????????10??????????????????????????????
?????????????????????????????????"	??	??	av317568554	BV19P411p7Gf	https://www.bilibili.com/video/BV19P411p7Gf	14/2/2026 21:08	23/8/2023 12:00	248	1621671	1632	34201	http://i2.hdslb.com/bfs/archive/89ef5f7a6c57b59c89c8909da4fb6f6c773bb2e9.jpg
????????-??	??????????????????????????????????????????????????????	?????	??	av20647808	BV1pW411s7rA	https://www.bilibili.com/video/BV1pW411s7rA	14/2/2026 2:48	11/3/2018 21:47	271	4318	1	64	http://i1.hdslb.com/bfs/archive/ec333551770e1796cb1e109320e7de3d9bb85066.jpg
???????? - ????coser???X????	"??  ?????????2333 ??????????????????????cos????????????????
vc??:av4638549

mp3???http://5sing.kugou.com/yc/3097939.html
?????/???????/???litterzy ??/???litterzy/?????/???????/?????E/COSER:?????????????/???????? freedom??/????????/??????"	??-?????	??	av4628421	BV14s411B75w	https://www.bilibili.com/video/BV14s411B75w	14/2/2026 2:34	12/5/2016 13:24	190	70165	567	2720	http://i2.hdslb.com/bfs/archive/43aff85653f2e416554f2aa8c7b4f5115b5efbca.jpg
??????????????????pv??	"?? ??/??????/???????/????????????/??????/???CuTTlefish/?????/?????/?????T????????????????

mp3???http://5sing.kugou.com/yc/3029689.html"	??-?????	??	av4856893	BV1ds411i7WY	https://www.bilibili.com/video/BV1ds411i7WY	14/2/2026 2:31	4/6/2016 8:30	234	105006	590	3753	http://i2.hdslb.com/bfs/archive/f8019d56b674cd3b0e48aa55c5892e94e63f02fd.jpg
???????????	"???????????
??????????

?????——???

?????
??????
??/?????
???Midaho
???????
?????
???????
???????
?????Irecorder
???????E
??????
???_LEOX
PV????
??????

???????
???????av12480707
???????????????av14513878
??????????????av14726841
???????????????????av1496"	??-?????	??	av19660874	BV16W411j7E7	https://www.bilibili.com/video/BV16W411j7E7	14/2/2026 2:18	16/2/2018 11:52	258	75524	422	3864	http://i0.hdslb.com/bfs/archive/14b4f9c476a752504e01f1cce00917ef648b9b6f.jpg
????+pv??????????(?????bl?????????)	?? MP3?????http://t.cn/z88X8nP ?@litterzy ?@??????? ??/???@??Jei ???? ??@_Cuttlefish ??@??0_0 ??@????? ?????????~???????????·??????????????????????~ ????19??8????http://t.cn/z88avz1 ???????TOMO???????????????~ ????????pv????????????@???	??-?????	??	av763251	BV1Zs411f7JE	https://www.bilibili.com/video/BV1Zs411f7JE	14/2/2026 2:13	18/9/2013 13:23	310	160323	2463	4401	http://i0.hdslb.com/bfs/archive/566a5fd11fa38096e282d9b8932c68d5d9d61580.jpg
??????????-??project?pv??	" ???????????????????????vc???????av4050126
5sing: http://5sing.kugou.com/yc/3049840.html

???????:litterzy ???:???? ???:??jei ???:?????&amp;????? ???:???? ???:EZ-VEN ???:???? 
??????:???????:CuTTleFiSh ???:?? ?PV:??moku ???:?????

"	??-?????	??	av4055506	BV18s411Q7TL	https://www.bilibili.com/video/BV18s411Q7TL	14/2/2026 2:08	9/3/2016 21:33	341	148917	1717	8017	http://i1.hdslb.com/bfs/archive/d893fb04941601ef457481f9909a9eb71d0a587b.jpg
???x??????????PV??	?? MP3?????http://yc.5sing.com/1982981.html ???????? ???L??Litterzy?????~???????????????TAT????????????·???neris.taobao.com?????~?????11?23?????????CP13~?????CP????????????~ ????????pv????????????@???	??-?????	??	av825552	BV1vs411o7EW	https://www.bilibili.com/video/BV1vs411o7EW	14/2/2026 2:05	7/11/2013 11:39	308	162366	3668	4944	http://i0.hdslb.com/bfs/archive/d826496279ea3e0dfaadbd27b15fdbc59c6a1746.jpg
???????????	"???????????
???????
???????av12480707

???????????
????????????????????????????????????????????????????????????

?????
???Vagary |??????  |??????????K|???Midaho  
??????|????????|?????|????? |???CuTTleFiSh 
???????_? VV?SAMA|PV??????|?????"	??-?????	??	av14513878	BV1vx411s7iT	https://www.bilibili.com/video/BV1vx411s7iT	14/2/2026 2:04	16/9/2017 16:47	240	386194	1580	20385	http://i0.hdslb.com/bfs/archive/f6d69c7e7ec25a625ed3df323ff5e391622800b6.jpg
??????????	"?????????????????????????????????????
ps??????????????????????????????"	????	??	av3303996	BV1rs411d7gJ	https://www.bilibili.com/video/BV1rs411d7gJ	14/2/2026 1:59	29/11/2015 21:56	253	4981	136	85	http://i1.hdslb.com/bfs/archive/bfbe48e4ffdd8bbe1580b843921280e8c3cc0513.png
?????? - ???	 ????????????????????????????????????????	??_	??	av4195433	BV1ds411B7zd	https://www.bilibili.com/video/BV1ds411B7zd	14/2/2026 1:54	26/3/2016 21:02	258	3149	7	92	http://i1.hdslb.com/bfs/archive/4231e472f766a036d5b508b83c99b4f651f3b568.png
?????×??“???????  ???????”	-	??????	??	av320677472	BV1nw411U7LV	https://www.bilibili.com/video/BV1nw411U7LV	14/2/2026 1:52	5/9/2023 20:39	244	20192	3	384	http://i1.hdslb.com/bfs/archive/be03b7beda44b833b34d32cfeab85c196bdca4a8.jpg
???????????????——????????	"???????????

??+??????????????????????????????????
??: https://pan.baidu.com/s/1mfz_4YJxe7oa__kRPAbIQQ?pwd=HTRM ???: HTRM"	???	??	av115052963172536	BV17zYazQEkB	https://www.bilibili.com/video/BV17zYazQEkB	14/2/2026 1:35	20/8/2025 17:30	235	41071	7	637	http://i2.hdslb.com/bfs/archive/985d5e522fab52b9dfb6d45b5ce32ae29625aea9.jpg
???	-	????	??	av935829934	BV1xT4y127fU	https://www.bilibili.com/video/BV1xT4y127fU	14/2/2026 1:13	21/1/2022 20:48	257	4164	0	100	http://i1.hdslb.com/bfs/archive/886b67c51bb7332b0f5a862b596f550ebfce91aa.jpg
????????????|  ?????????????????????????????????? | ??????????	"????????????
mov?????????????????
???https://pan.baidu.com/s/1LdjdxvIStkmh1NDJakhcJQ?pwd=svhi 
????svhi"	???	??	av525839880	BV1EM411x7hW	https://www.bilibili.com/video/BV1EM411x7hW	14/2/2026 1:02	11/3/2023 17:22	268	231224	18	2453	http://i0.hdslb.com/bfs/archive/ef8f8019d4ca4e2961c00fbac6529f114a496bea.jpg
?????????????-??????????????? ??????????	"•??mp4??????????????
•??/??/??/????
•????
•????"	???	??	av367694379	BV1q94y1w7hq	https://www.bilibili.com/video/BV1q94y1w7hq	14/2/2026 0:58	24/12/2023 12:00	262	12626	0	283	http://i2.hdslb.com/bfs/archive/ce4a70e38d8fcf3deda4d7f17c8a46672a46bf48.jpg
????-?? ?????????????????? ?????????		????	??	av361501091	BV1r94y1Y7FZ	https://www.bilibili.com/video/BV1r94y1Y7FZ	14/2/2026 0:58	31/7/2023 8:32	279	1498	0	21	http://i1.hdslb.com/bfs/archive/165739d17ae055148d0234b2f893d4f6d4340e58.jpg
??-????	-	???	??	av35827359	BV1at411U77K	https://www.bilibili.com/video/BV1at411U77K	14/2/2026 0:32	12/11/2018 17:11	215	18052	11	309	http://i1.hdslb.com/bfs/archive/c64884e2a53b237a9bd73e13bb5e25b1f2104fe6.jpg
???????-??????-1080p		?????	??	av40825494	BV1ot411H7oi	https://www.bilibili.com/video/BV1ot411H7oi	14/2/2026 0:24	15/1/2019 22:11	141	6002	12	111	http://i1.hdslb.com/bfs/archive/71c1e187cf66393f317595eec831582de5e1591c.jpg
?????-?????? · ?????	"?????-?????? ·?????
??“??”?????????????
???????????????????????????????????
???????????????????????????????????
????????

??/??????
?????
?????
???Zeff
??????
??????
?????
???Zeff
???????
??????
?????
PV?????"	???	??	av46365156	BV1Xb411H7Sy	https://www.bilibili.com/video/BV1Xb411H7Sy	14/2/2026 0:13	16/3/2019 10:00	309	81417	1593	4459	http://i2.hdslb.com/bfs/archive/5a7f23d9a4d458a54c848a06be155301ed1e938c.jpg
?Vk???.???——Vk??????????	"?????????mv
?????~??????

Vk???? - ??·???
??????????
??????
??????
??????
?????
??????
??????
OP?????"	??????????	??	av46438993	BV1yb411J7yM	https://www.bilibili.com/video/BV1yb411J7yM	14/2/2026 0:08	16/3/2019 16:45	225	3695	4	115	http://i0.hdslb.com/bfs/archive/536437826ee46e199c4f8f53317b58181479a769.jpg
??????·??????????? ?????	"https://m3ws.kugou.com/share/index.php?similar=ux1rp53
??????
??????
??????
??:   ??"	????	??	av377095507	BV12o4y1S7Ad	https://www.bilibili.com/video/BV12o4y1S7Ad	14/2/2026 0:05	31/7/2021 18:21	213	943	0	19	http://i2.hdslb.com/bfs/archive/95b2801f5778e5ad609b6613459b7b8c475bad4c.jpg
?????????????????????? | ?????? | ????????????	"????????png???????????
???https://pan.baidu.com/s/1VSGZ0tfW15HEvwQ70xWoSw?pwd=j6xt 
????j6xt"	???	??	av950089339	BV1es4y1j7Cs	https://www.bilibili.com/video/BV1es4y1j7Cs	14/2/2026 0:01	25/2/2023 17:10	192	227443	15	2247	http://i0.hdslb.com/bfs/archive/62f6c5273f808466d24867d30041795cce3f1ec9.jpg
?HD_MP3|????????????????????????????????????????????????	"??????????????????????????????
??????????????????????????????????????????????????????
??????????????????????????????
?????????????????????????????"	___??___	??	av235611479	BV1Ce411X7Ld	https://www.bilibili.com/video/BV1Ce411X7Ld	13/2/2026 23:54	4/11/2023 20:01	220	98964	102	1545	http://i0.hdslb.com/bfs/archive/907f7bc356619bd27f7f2e0cdb38d0ea2267ea16.jpg
?????????????????????——??????????	"????
???????????????????????????????????????

??mp4???????????????????????????????????
??: https://pan.baidu.com/s/1cx5yKWEgf6aTPLCVxslMXA?pwd=CYMW ???: CYMW"	???	??	av115528362366107	BV1bwk6BaENp	https://www.bilibili.com/video/BV1bwk6BaENp	13/2/2026 23:48	11/11/2025 18:00	271	48771	10	962	http://i1.hdslb.com/bfs/archive/fbcccfac8b4cef93eb92dfb5bc6a09ddbfda11f6.jpg
???????????????????——???????????	"??????????????????????????????????????????????

????????????????mp4??????????????????????????????

??: https://pan.baidu.com/s/18U_vQYGjwVhlP6U-xElWLw?pwd=MZSH ???: MZSH"	???	??	av115381310069466	BV1M2WezpEYc	https://www.bilibili.com/video/BV1M2WezpEYc	13/2/2026 23:47	20/10/2025 18:00	247	33095	5	585	http://i2.hdslb.com/bfs/archive/f7741675a91f29d466eb0fe24d75917920b7da9e.jpg
????????????????? |???????	"???????????????????

????+?????+??????????????????????????????????

??: https://pan.baidu.com/s/1AsfohXs-kasJYh5uNc1EFg?pwd=HYIN ???: HYIN"	???	??	av114799694386618	BV1we3XzcENa	https://www.bilibili.com/video/BV1we3XzcENa	13/2/2026 23:43	5/7/2025 16:35	278	74476	12	1288	http://i0.hdslb.com/bfs/archive/919d1d71eee052cc05f8a8b6fd910d7fa395b4b4.jpg
??????“????????????????”——???·?????????	"????????????????????

?????????????????????????????????????????????????????????????????????????????????????????"	???	??	av114029871829876	BV1AfAzemEeu	https://www.bilibili.com/video/BV1AfAzemEeu	13/2/2026 23:30	20/2/2025 18:00	337	64527	4	927	http://i0.hdslb.com/bfs/archive/4f5d25fd3e029807b2e37c1968b9c675afb37c4d.jpg
??????“???????????????”——??????????	"????????????????????

????????????@??JINGDAI  ??????????????????????????????????????????????——

??????????????????????????+1?????"	???	??	av113769724319978	BV1WQrWYDEyL	https://www.bilibili.com/video/BV1WQrWYDEyL	13/2/2026 23:25	5/1/2025 18:00	256	81879	4	1148	http://i1.hdslb.com/bfs/archive/721fdb07b46b8e5443acc21e9ed947b689a64f18.jpg
??????????| ????????????????????????| ??????	"????????????????????????????????????????????

mp4+mov??????????????

https://pan.baidu.com/s/1c7qO3rYz6xMC2NB2eCzOIg?pwd=12k4 
???:12k4"	???	??	av701294089	BV1Jm4y1L7os	https://www.bilibili.com/video/BV1Jm4y1L7os	13/2/2026 23:02	23/7/2023 12:40	247	143709	20	1890	http://i2.hdslb.com/bfs/archive/b3b183954704247f1b526c9f69aeebd3ad862996.jpg
???????????????????·??????| ???????????? | ????	"?????????????????????????????????????

mov??????????????+mp4???????

???????????????

???https://pan.baidu.com/s/12yvxgAdkKSHVR0jrQzZSDQ?pwd=mr8t 
????mr8t"	???	??	av827199849	BV1Gu4y1o7Bs	https://www.bilibili.com/video/BV1Gu4y1o7Bs	13/2/2026 23:01	10/6/2023 17:20	239	56311	1	611	http://i2.hdslb.com/bfs/archive/a8eb4b6c2f895163c6a79cb7a71f6547d89368f8.jpg
??????? ? ? ? ? ? ? ? |???? ?????? | mov???	"????????????????
?????????https://pan.baidu.com/s/105xx-Rzpqf4U2nRFUtho5Q?pwd=8cbj 
????8cbj"	???	??	av308674861	BV1rA411r7yr	https://www.bilibili.com/video/BV1rA411r7yr	13/2/2026 22:38	2/2/2023 19:04	222	116259	11	1045	http://i2.hdslb.com/bfs/archive/8407e2daad40b437cef18a930a48d5c0da89362f.jpg
??????????| ???????????????	"AE???mov??????????????
???????????????????????????????????????????????????????????????????????????????????@?????????"	???	??	av991520977	BV19x4y157wz	https://www.bilibili.com/video/BV19x4y157wz	13/2/2026 22:37	8/2/2023 20:43	318	110764	14	1324	http://i0.hdslb.com/bfs/archive/57aeaf4fadf95ffd41523edd946a33c9c0df7293.jpg
??????????????????????——?????????	"?????????????????????——?????????
?????????????????????????????????

??mp4+mov????????????????????/??/???????

??-???@???
??: https://pan.baidu.com/s/1-ZA1Z7u1CrVHwI9vZ91hNw ???: HFHJ"	???	??	av114471817187405	BV1zr5TzBEaj	https://www.bilibili.com/video/BV1zr5TzBEaj	13/2/2026 22:27	8/5/2025 18:50	198	100808	29	1958	http://i1.hdslb.com/bfs/archive/fd685ee1bca9b47b3cca36969cffb250853e041b.jpg
??????????????????	"??????????????????????Finale????????????????2010?9?30????????????????????????????????????????·??????????????????????????????????????????

????? 
???Neumann M149 tube Pair 
????SSL Duality Delta Pro Station 
????PT"	JLRS-LeoFM	??	av116017267214267	BV1L9FaziERC	https://www.bilibili.com/video/BV1L9FaziERC	13/2/2026 22:24	5/2/2026 19:30	323	472344	127	5344	http://i1.hdslb.com/bfs/archive/7d502dc6290aa4ca53015a3c94ae75ec0e897339.jpg
??????	"??: ??
??: ???
??/??: ??--??????--????
??: ??
????: ????????
cv????--?? ???--??"	????	??	av18702882	BV1NW411e7z7	https://www.bilibili.com/video/BV1NW411e7z7	13/2/2026 22:18	25/1/2018 11:24	237	355659	2693	9399	http://i0.hdslb.com/bfs/archive/f8b10c154b6bbdcba0467a1b86b5d8cca7141562.jpg
?????????	"“???? ???? ?????”
???????
?/??????
?????
???CuTTlefish
???????
???????????????
?????mio
??????
??????
??????"	????	??	av52516662	BV1o4411E7xW	https://www.bilibili.com/video/BV1o4411E7xW	13/2/2026 22:10	15/5/2019 11:13	289	1257190	4129	39236	http://i0.hdslb.com/bfs/archive/8a8beb2ce8b5addc071fb23ecd0377720bb44bf6.jpg
???×??????????????????????????	"??|??????????
????? ? ?????? ? ??|????? ? ???????
????? ? ????? ? ?????? ? ????? ? ???????
????????? ? ?????? ? ?????"	????	??	av79961233	BV1BJ411x7Sh	https://www.bilibili.com/video/BV1BJ411x7Sh	13/2/2026 22:07	20/12/2019 21:20	281	245409	2006	11690	http://i2.hdslb.com/bfs/archive/e17620ec3edbb86cb5753b4ffc751034c256db46.jpg
???????????-???|“??????????????????????????”		?????	??	av113589318848464	BV1HpzSYUEH8	https://www.bilibili.com/video/BV1HpzSYUEH8	2/2/2026 23:04	3/12/2024 22:21	219	56563	125	415	http://i2.hdslb.com/bfs/archive/929e55ea1de8a02580bb6bb5a043a46b39c9d2f3.jpg
???????????-???|“?????? ???? ??????”		?????	??	av113753618124660	BV1dJ6fYvEtx	https://www.bilibili.com/video/BV1dJ6fYvEtx	2/2/2026 22:49	1/1/2025 22:48	185	87559	129	2440	http://i1.hdslb.com/bfs/archive/ad86b918fd8a4ccc6ace89d72eb4237c2af9b6aa.jpg
????????????-??|“?????? ???????”		?????	??	av114268510946679	BV1iefNYwEiE	https://www.bilibili.com/video/BV1iefNYwEiE	2/2/2026 22:21	2/4/2025 21:07	218	61192	66	333	http://i1.hdslb.com/bfs/archive/cca10b733ed0a5e7878a11e5b92fd86355773009.jpg
????????????-??|“???????????”	"???????2013????????????????????????
	???????????????????????????????????????????????????????????"	?????	??	av114289566288521	BV1PzRiYsEQm	https://www.bilibili.com/video/BV1PzRiYsEQm	2/2/2026 22:21	6/4/2025 14:22	222	159088	110	2040	http://i0.hdslb.com/bfs/archive/ac56e1184596efaa085d8d4ca52ee59ea24f315c.jpg
??????????-??|“?????????????????????”		?????	??	av114427273740395	BV1nZGtzhExz	https://www.bilibili.com/video/BV1nZGtzhExz	2/2/2026 22:14	30/4/2025 22:04	246	165653	312	2782	http://i0.hdslb.com/bfs/archive/b0430a17384ed107ace06979aff4a3a1dbe9e075.jpg
???????????-??|“???? ?????????? ?????”		?????	??	av114725723571321	BV1HnNXz7EjK	https://www.bilibili.com/video/BV1HnNXz7EjK	2/2/2026 22:00	22/6/2025 15:03	278	134258	183	1611	http://i2.hdslb.com/bfs/archive/0d6998527dcc6c532523e7123590dfe31fc94d93.jpg
?????|4K??????-???|“??????? ??????? ?????????”	"???????????????????????????????	????2014?8?31???????2016?1?5?????????????"	?????	??	av114987414588980	BV1pqtzzBEJc	https://www.bilibili.com/video/BV1pqtzzBEJc	2/2/2026 21:51	7/8/2025 20:14	244	51667	124	621	http://i1.hdslb.com/bfs/archive/c8c54fdcce951bce68c5cb6eb2d0a4804a484b18.jpg
????????????????????????	"-??????????????mov???
??: https://pan.baidu.com/s/1vlJOa8XlcUSKuF5yHMcqXw?pwd=ut1e
???: ut1e"	?????	??	av1653882414	BV1NE42157kT	https://www.bilibili.com/video/BV1NE42157kT	24/1/2026 18:32	29/4/2024 17:42	171	5470561	1335	124980	http://i2.hdslb.com/bfs/archive/af5ef63eba6691eb10742350c863e3826303e488.jpg
??????????? ????????Hi-res?	"??????????????????????????????????2012?????????Echo???

?????
???Neumann M149 tube Pair
????SSL Duality Delta Pro Station
????PT
???Barefoot MM12
[??]"	JLRS-LeoFM	??	av911904535	BV1PM4y1v71n	https://www.bilibili.com/video/BV1PM4y1v71n	18/1/2026 19:59	4/6/2023 18:15	243	3908230	893	70443	http://i1.hdslb.com/bfs/archive/048bd219d53a5fa29229301d798305282a40e910.jpg
?Hi-Res??????/???-????????????? ?????????????	"??????????????????????????????????????????????????????????2017?1?9?????????????2017?2?18???????????????????????

??????????????????"	???????	??	av115616593742520	BV1HXUeBREik	https://www.bilibili.com/video/BV1HXUeBREik	18/1/2026 19:57	26/11/2025 23:07	334	412050	44	7777	http://i0.hdslb.com/bfs/archive/99c72db421d8ebcbeaa2df9a9f9f306f3ea5838e.jpg
?Hi-Res?????/??-?????????? ??????????	"????????????????????

????????????????????????????????2014???????????????"	???????	??	av363241167	BV1494y1x77g	https://www.bilibili.com/video/BV1494y1x77g	18/1/2026 19:52	8/9/2023 17:00	257	386884	27	4927	http://i0.hdslb.com/bfs/archive/68f0be7de72807485439f3144123c4c570e42916.jpg
???????????????????????????????????????  ????	-	????????	??	av115234308096090	BV1LGpQz1EiW	https://www.bilibili.com/video/BV1LGpQz1EiW	18/1/2026 19:48	20/9/2025 10:42	200	5722	1	101	http://i2.hdslb.com/bfs/archive/bf0aad4c2d130d72c13475532558aaaab6440f10.jpg
?????-??????????????????ayy??????????? ???????????????	"?????-??????????????????ayy??????????? ???????????????
 
 
 
????????????????????????????"	???????	??	av115659325311948	BV1Ty2YBsEMt	https://www.bilibili.com/video/BV1Ty2YBsEMt	18/1/2026 19:44	5/12/2025 18:15	204	83804	3	2501	http://i1.hdslb.com/bfs/archive/f6a51a397a3d3abec99f8546623f4ad7b1a9dbbd.jpg
?4K60FPS HIFI?? ???????~??SAYA???? ??? ??? ??? ??????? ??????	??????UP	???	??	av702956027	BV1ym4y1T7n9	https://www.bilibili.com/video/BV1ym4y1T7n9	18/1/2026 19:38	30/8/2023 18:00	268	11430	0	109	http://i0.hdslb.com/bfs/archive/ba4c9590d04f0cbbbfe9904529e3ae1126d08457.jpg
?4K·?????SAYA ?????·???????? ??????	"????????????
???????????????
???????????????????????
?????????"	???????	??	av648317450	BV1Re4y1M7UT	https://www.bilibili.com/video/BV1Re4y1M7UT	18/1/2026 19:38	3/12/2022 9:00	262	86306	4	1747	http://i0.hdslb.com/bfs/archive/d5657c75fa85883139db9766b84648f2d071147e.jpg
???????		????	??	av277537124	BV1yw411F7si	https://www.bilibili.com/video/BV1yw411F7si	18/1/2026 19:37	25/10/2023 7:44	213	897	0	15	http://i2.hdslb.com/bfs/archive/31c981fcb88e7be9c34e2eca39231b2edf8344b5.jpg
?YueYue???????????????	"?????????????????Mzf??????YueYue???????2020?9?26?????????????????????????

????? 
???Neumann M149 tube Pair 
????SSL Duality Delta Pro Station 
????PT 
???Barefoot MM12
 [??]"	JLRS-LeoFM	??	av114715606911575	BV1tbKNz8EZr	https://www.bilibili.com/video/BV1tbKNz8EZr	18/1/2026 19:35	21/6/2025 12:00	260	1844266	584	39464	http://i0.hdslb.com/bfs/archive/92d5eb9378d92603475b7eade9e9ad8b54a45963.jpg
??? - ??????????????		?????	??	av82058859	BV19J41157iE	https://www.bilibili.com/video/BV19J41157iE	18/1/2026 19:33	4/1/2020 19:39	259	6093960	63543	78164	http://i1.hdslb.com/bfs/archive/6657474b03ca4b540c78d526e18e87dacd6dfdfd.jpg
??????????-???“?????????~”	"??????????-???“?????????~”
?:??
?:??/??
??:??

????????????? ?????????~
????????????????????????"	????music	??	av1655750132	BV1DE421P7S3	https://www.bilibili.com/video/BV1DE421P7S3	18/1/2026 19:33	2/7/2024 12:42	175	265895	38	6604	http://i1.hdslb.com/bfs/archive/257a42468723ea64302559ced6ed04342b8e3e86.jpg
?????????????-???|“????????????? ????????????”	"?? : ???/??
?? : ???
?? : ???
??? : ???

?????????????????????...
——????????"	?????	??	av115271134151719	BV1jAnGzaE5M	https://www.bilibili.com/video/BV1jAnGzaE5M	18/1/2026 4:19	26/9/2025 22:48	217	52023	112	622	http://i2.hdslb.com/bfs/archive/e6040b148bcab11efdd1d746dffe1fc284c9d499.jpg
?????|4K???????-??|“??????? ???? ????”	"???? - ??
????/???
????
???????

????????????????"	?????	??	av115597752929183	BV1fkUABcEQn	https://www.bilibili.com/video/BV1fkUABcEQn	18/1/2026 3:59	23/11/2025 15:15	253	60585	120	520	http://i2.hdslb.com/bfs/archive/f22ae84408cd7359e8aa13a833e576572fbc73cf.jpg
?????|4K????????-???|“?????????  ???????????”	?????????????????????????????????????????????	?????	??	av115637196226824	BV1mzSKB9EoB	https://www.bilibili.com/video/BV1mzSKB9EoB	18/1/2026 3:53	30/11/2025 14:22	283	56897	116	403	http://i1.hdslb.com/bfs/archive/64686ed6677d3c71af8edc4f978dc01989dba42c.jpg
?Hi-Res?????????Vivian Wang?????	"????????????
???????up???????
????0???????????
??????????????
????????????
???????????
?????????????"	????????	??	av115010919536537	BV1KGtSziEJq	https://www.bilibili.com/video/BV1KGtSziEJq	18/1/2026 3:50	11/8/2025 23:53	201	46644	1	1325	http://i0.hdslb.com/bfs/archive/9a6c170440987daf555ddd2b31aa4333916ea667.jpg
???????????-??|“??????? ???????? ????????”		?????	??	av114557901081155	BV1hfjHzgEVm	https://www.bilibili.com/video/BV1hfjHzgEVm	18/1/2026 3:47	23/5/2025 23:42	197	446508	361	7377	http://i1.hdslb.com/bfs/archive/0792e61090a6dbe01f1418b7f186e44ef901e957.jpg
?Hi-Res?????????- ???? ????? ??????? ?		?????	??	av114120452015823	BV1v19yYbEYG	https://www.bilibili.com/video/BV1v19yYbEYG	18/1/2026 3:46	7/3/2025 17:39	211	292091	118	6530	http://i0.hdslb.com/bfs/archive/fdfdb180df02d3435eb1669e590e447ff861a838.jpg
??? ??????????????Hi-res?	"???????????????????????????????????2022?11?15??

?????
???Neumann M149 tube Pair
????SSL Duality Delta Pro Station
????PT
???Barefoot MM12
[??]"	JLRS-LeoFM	??	av113395558779201	BV1UuSiYjEPz	https://www.bilibili.com/video/BV1UuSiYjEPz	18/1/2026 3:43	30/10/2024 19:10	167	3730844	414	81332	http://i1.hdslb.com/bfs/archive/edcc7048e47c653dd6b9546debd449683baaa5d7.jpg
???-???(??:???)	??? - ???(??:???)??????? ????????????????|????Lyrics?? - ???	????????	??	av207787248	BV1Fh411s7LB	https://www.bilibili.com/video/BV1Fh411s7LB	18/1/2026 3:42	3/9/2021 20:01	208	832235	182	16442	http://i1.hdslb.com/bfs/archive/6d245c07e6116948874c7f884f6d3bfbd10ff6a3.jpg
??????/????/??/??	"??????????????????????


????? ?????"	???	??	av434645457	BV1B3411U7zQ	https://www.bilibili.com/video/BV1B3411U7zQ	18/1/2026 3:39	1/1/2023 22:32	281	407396	10	10174	http://i0.hdslb.com/bfs/archive/0f6a7947cd4ed67fc782df7678139fab3cc281dc.jpg
??????????? ????????????????Hi-res?	"????????????????????????????????????????2023?7?23??

?????
???Neumann M149 tube Pair
????SSL Duality Delta Pro Station
????PT
???Barefoot MM12
[??]"	JLRS-LeoFM	??	av787696048	BV1m14y117iN	https://www.bilibili.com/video/BV1m14y117iN	18/1/2026 3:39	26/8/2023 18:50	189	1784418	717	22304	http://i1.hdslb.com/bfs/archive/1557c45e4f05f28d8aaf3feb28df1600d73f1fce.jpg
??????????? ???? ?????????|??? - ??UNEKO	"??????????
??????????
????
????
??????????
??????????
????
????
???????
???????
??????????
???????
??????
??
???????????
???????????
??????????
??????????
???????????
????????????
???
??????????
??????????
????
????
??????????
??????????
????
????
???????"	???	??	av114523793004131	BV1BBJPzrEZP	https://www.bilibili.com/video/BV1BBJPzrEZP	18/1/2026 3:39	17/5/2025 23:08	249	160423	23	6081	http://i1.hdslb.com/bfs/archive/01a24f0c26df4e8695b0eb1ed4b99ce4412ebf21.jpg
?Hi-Res??????-??????????? ?????????????	"??????????????????????????????????????????????????????2021?11?27?????????????????2021?12?3?????????????????????????????????

??????????????????"	???????	??	av113283319204615	BV1ai2VYUEsr	https://www.bilibili.com/video/BV1ai2VYUEsr	18/1/2026 3:38	10/10/2024 21:42	197	282127	15	2669	http://i2.hdslb.com/bfs/archive/b34756ac51680152866d5d6a7ce29615fa537896.jpg
?????????????? ????? ???????	"??: ???
??: ??
??: ??
???: ??
??: ?????
?????????????????? (???????????????)?: http://163cn.tv/qP8TcIA (??@?????)"	???	??	av1404126641	BV1rr421E79E	https://www.bilibili.com/video/BV1rr421E79E	18/1/2026 3:37	4/5/2024 21:41	256	316341	19	6438	http://i1.hdslb.com/bfs/archive/ca3fcfd7a9fe5ccdd2e27d8e884ca4542165039e.jpg
???????/?????????????????????	-	?????	??	av114788772349520	BV1Fq3uzuEwL	https://www.bilibili.com/video/BV1Fq3uzuEwL	18/1/2026 3:33	3/7/2025 18:16	170	80596	7	1653	http://i2.hdslb.com/bfs/archive/30e8139b82c116feb3d72039eccd665c0c451c65.jpg
?Hi-Res???????-??????????? ?????????????	"??????MK??????????????????2009?2?14???????????????2013???????????????????????

??????????????????"	???????	??	av115631106032652	BV1tEUdBtEZA	https://www.bilibili.com/video/BV1tEUdBtEZA	18/1/2026 3:30	29/11/2025 12:32	305	132892	10	2348	http://i1.hdslb.com/bfs/archive/559ff790ddc57e279ae47d4daed5df5998db7335.jpg
?????????-??????????????? ??????????	"-???????,????!
-???????????????
-????????
-???????????
-?????????????????????
-?????????"	?????	??	av323104526	BV1Sw411s7tW	https://www.bilibili.com/video/BV1Sw411s7tW	18/1/2026 3:25	6/11/2023 22:45	198	39156	101	623	http://i1.hdslb.com/bfs/archive/11e5cc33d813ea4f1b6182fdf7e9106521fa45e7.jpg
?????????????	-	S????????	??	av715912797	BV1sQ4y1d72P	https://www.bilibili.com/video/BV1sQ4y1d72P	17/1/2026 23:43	5/6/2021 17:11	94	22626	1	67	http://i0.hdslb.com/bfs/archive/899f033deeb24bdda319961e0a4fa949881c37ad.jpg
????????????~“????????????”——?????????	"?????????1234??????????????????????????????????

??????????????????????????????????......????????????

????mov+mp4????????????????????????????????????

????@Cyan?? 

??-???@???
??: https://pan.baidu.com/s/1wllKoyfuBcE9iOmhXWfVLQ ???: MHX1"	???	??	av113253388653665	BV1Z319YPEaP	https://www.bilibili.com/video/BV1Z319YPEaP	17/1/2026 23:38	5/10/2024 18:00	275	77487	9	1193	http://i1.hdslb.com/bfs/archive/838f4dca81555a35f167eb8168b52d5b8f5d34f0.jpg
???????????????PV??	?? ?????????????~ ??????????????Moth???digger???Irecorder???????PV???????????????????????????????????????????????????????????????PV???BUG??????????????????	??	??	av3675122	BV1Ws411X7BJ	https://www.bilibili.com/video/BV1Ws411X7BJ	17/1/2026 23:33	27/1/2016 8:09	332	2635951	20229	107518	http://i0.hdslb.com/bfs/archive/d3f6b0fd409123e22c88840ad26675d632cea2a2.jpg
?????????????/???|“??????????????”		?????	??	av113645740623451	BV1nJBTYoEdG	https://www.bilibili.com/video/BV1nJBTYoEdG	17/1/2026 23:30	13/12/2024 21:28	188	839985	152	15454	http://i0.hdslb.com/bfs/archive/54ea74059771dbd4dc7f192390d23925c28e10a4.jpg
?4K????????????????????????????	"UP??????????????????????????????????????????????????

????????????????????????????????????????????????????????????????????????????????????????????????????????????????????????????????????"	4K???	??	av252301906	BV1MY411W7Ai	https://www.bilibili.com/video/BV1MY411W7Ai	17/1/2026 23:28	15/12/2021 15:30	267	3092903	952	41235	http://i2.hdslb.com/bfs/archive/e2bfa0ef1970dd29f20ba7dce01055ca048b7d5d.jpg
??????????? ??&??????????Hi-res?	"?????????????????????????????????????????????????????

?????
???Neumann M149 tube Pair
????SSL Duality Delta Pro Station
????PT
???Barefoot MM12
[??]"	JLRS-LeoFM	??	av398781222	BV1oo4y137jx	https://www.bilibili.com/video/BV1oo4y137jx	17/1/2026 23:24	19/5/2023 18:16	274	5672365	1610	72446	http://i0.hdslb.com/bfs/archive/c587dc67805b55ec8af0cafca55e5a2f8ad3c94e.jpg
????????????????????????? ?????????????/Lyrics?	"?????????YLMusicChannel?????? ???????????????????????????????

???????????????????? ?????????????/Lyrics?
	?????
	??????
	??????

???????????????"	???????	??	av265994272	BV1EY411Q7Ca	https://www.bilibili.com/video/BV1EY411Q7Ca	17/1/2026 23:15	28/1/2023 16:31	159	1311218	109	24252	http://i2.hdslb.com/bfs/archive/ab878bc75be11c6870e98d3552253f2c1302ec81.jpg
?Hi-Res??????????4K?????????????? ????? ????? ?????????4K?????	"?????????? ????????????????????????????????

?Hi-Res??????????4K?????????????? ????? ????? ?????????????/Lyrics?
	?? : ??
	?? : ??

?????https://mbizhi.cheetahfun.com/dn/pd354573.html

???????????????"	???????	??	av315436098	BV1xP411e7Xa	https://www.bilibili.com/video/BV1xP411e7Xa	17/1/2026 23:10	3/7/2023 22:10	250	625518	159	7354	http://i0.hdslb.com/bfs/archive/c432ef9a749928d1d0a4ee5b94c75a90b7f0e98f.jpg
?????|4K??????-????2603?|“???????  ???????”	"?????-????2603?
?? : ????2603?
?? : ????2603?
??:???
???:???"	?????	??	av115429309744224	BV1SxsnzpEJ2	https://www.bilibili.com/video/BV1SxsnzpEJ2	17/1/2026 23:06	24/10/2025 21:13	273	532282	387	8178	http://i2.hdslb.com/bfs/archive/f90228ff8249d0d080a45ab923b99bc11956f0b8.jpg
??????????????4K??????? ???? ???????????	"??????????????4K??????? ???? ???????????
?????YouTube
?????????????????
???????????~

?????
???????????????????????
????????????????????????????????
??????????????????????????????????????
?????????????????????????????????????????????????????"	???????	??	av503742734	BV1Ag41137SD	https://www.bilibili.com/video/BV1Ag41137SD	17/1/2026 23:03	18/6/2021 19:55	221	3015884	856	40056	http://i1.hdslb.com/bfs/archive/3acd50a961752ca13de55c78b890d1a1c61928f6.jpg
?Hi-Res?????-????????? ????? ??????????????	"????????BYE????????????????2019?11?16?????????????????

??????????????????"	???????	??	av113232400353362	BV1FRxeesE1e	https://www.bilibili.com/video/BV1FRxeesE1e	17/1/2026 22:56	1/10/2024 22:05	268	727733	69	16307	http://i0.hdslb.com/bfs/archive/48124fc8ecca0811ab834cd20662fe86ab65446d.jpg
??????????? ?????????Hi-res?	"???????2013?????????????????????????

?????
???Neumann M149 tube Pair
????SSL Duality Delta Pro Station
????PT
???Barefoot MM12
[??]"	JLRS-LeoFM	??	av997273243	BV1ss4y1y7WE	https://www.bilibili.com/video/BV1ss4y1y7WE	17/1/2026 22:54	13/6/2023 18:28	244	3429403	426	53792	http://i1.hdslb.com/bfs/archive/6a92e922c048922ef22c7f314d286b9813dc90db.jpg
??????????????-????? ???????????	"??????
??????
??????
??????
?????????
???????
?????riccio
MV?????AI
????YohoYoho music"	???SHUNI	??	av1755172155	BV1rt421N7uh	https://www.bilibili.com/video/BV1rt421N7uh	17/1/2026 22:52	26/5/2024 12:00	239	184592	113	6879	http://i1.hdslb.com/bfs/archive/e8f32171785b5687e423ccd51c7f2734d193804e.jpg
?4K|Hi-Res??YueYue / ?? / ??????????|“???????????”		???	??	av115631827452239	BV1xbUZBbEjj	https://www.bilibili.com/video/BV1xbUZBbEjj	17/1/2026 22:50	29/11/2025 15:35	224	11801	2	76	http://i2.hdslb.com/bfs/archive/43f514cfbf280ff1dc26790d0250464542c9a9c4.jpg
?4K|Hi-Res?????_??????|“?? ????? ??????”	"???????????????
???????????????
???????????????
???????????????
???????????????
???????????????
???????????????
???????????????
???????????????
???????????????????????"	???	??	av575508861	BV1Uz4y1K75m	https://www.bilibili.com/video/BV1Uz4y1K75m	17/1/2026 22:45	3/9/2023 19:13	210	1929004	318	37799	http://i1.hdslb.com/bfs/archive/5df93e5d882d4c6b369c2b60c9fbbe4a7a419487.jpg
?4K|Hi-Res????????|“????????”	?????????	???	??	av233550658	BV1k8411q75f	https://www.bilibili.com/video/BV1k8411q75f	17/1/2026 22:41	15/9/2023 20:05	259	181120	5	584	http://i0.hdslb.com/bfs/archive/3d1f2e05a2905530e7323b3035326ef5e2832e9d.jpg
?4K|Hi-Res????/??????????|“???????? ??? ??????”	“???????????????????”	???	??	av576130166	BV1Jz4y1L7Su	https://www.bilibili.com/video/BV1Jz4y1L7Su	17/1/2026 22:40	19/9/2023 19:39	215	324785	8	2554	http://i1.hdslb.com/bfs/archive/60d5a9d7fa2d18fd69701dc3edf3fd1ee7a031ab.jpg
?4K|Hi-Res????????|“????????????”	?????????????????????????????????????????????????????????????????????????????????	???	??	av831979660	BV1P34y1G7UD	https://www.bilibili.com/video/BV1P34y1G7UD	17/1/2026 22:32	9/10/2023 18:42	202	721479	135	12704	http://i2.hdslb.com/bfs/archive/49ccdae5420636cc09a27bc83582787611b6bea8.jpg
?4K|Hi-Res???? / ?? / ????????????|“?????? ???????”	"????????????????
????????????????
                             ——??????·????????"	???	??	av832069523	BV1z34y1u7Kb	https://www.bilibili.com/video/BV1z34y1u7Kb	17/1/2026 22:31	12/10/2023 17:35	284	162174	7	1966	http://i2.hdslb.com/bfs/archive/b761f90a7d0530467df8d6c98d972ee9bf399956.jpg
?4K|Hi-Res???/??????|“???? ??????~”		???	??	av278813733	BV1ew411P7L9	https://www.bilibili.com/video/BV1ew411P7L9	17/1/2026 22:21	23/11/2023 23:09	232	168633	2	1686	http://i1.hdslb.com/bfs/archive/b085238fabadef0adef957adc604848be9d0748f.jpg
?4K|Hi-Res???Marblue?????|“2024 ????????”		???	??	av878047612	BV1KN4y1B7gJ	https://www.bilibili.com/video/BV1KN4y1B7gJ	17/1/2026 22:19	1/1/2024 0:32	215	177024	9	2082	http://i0.hdslb.com/bfs/archive/70a16049c6ab97ef12d8141283acda85cb9bc63b.jpg
?4K|Hi-Res?Babystop_??/???????|“??????~”	????QWQ	???	??	av1105816823	BV1Fw4m1e73z	https://www.bilibili.com/video/BV1Fw4m1e73z	17/1/2026 22:15	27/6/2024 20:34	212	388937	55	6485	http://i0.hdslb.com/bfs/archive/531fa9bd52ebd809a76be2a58879cf46c73bc8a6.jpg
?4K|Hi-Res?????????|“????????”		???	??	av112734066707262	BV1vkhaepEXU	https://www.bilibili.com/video/BV1vkhaepEXU	17/1/2026 22:15	5/7/2024 21:22	284	106711	4	1505	http://i0.hdslb.com/bfs/archive/395424a0b8b7e2943c8afeed28dbd2760cb7ec50.jpg
?4K|Hi-Res?Hita????|“??????? ??????”	???????????????????????????????????????????????????????????????????????????????????????????????????????????????????????????????“??!???????????????????????????????????????????????????????????????????????????????????????????????????????????????????????	???	??	av320418962	BV1kw411S7G2	https://www.bilibili.com/video/BV1kw411S7G2	17/1/2026 22:14	31/8/2023 17:41	267	368164	43	5003	http://i1.hdslb.com/bfs/archive/5d0a65a4872663807d9b55926eb5eaa7f84dd03d.jpg
???Runyu?????????????????????????	"???????????????????????????????????????????????????????????????????????????2021?11??????????????????????????????????????

????? 
???Neumann M149 tube Pair 
????SSL Duality Delta Pro Station 
????PT"	JLRS-LeoFM	??	av115150942178726	BV1TCabzbEE2	https://www.bilibili.com/video/BV1TCabzbEE2	17/1/2026 22:14	6/9/2025 19:06	278	1628942	647	24814	http://i0.hdslb.com/bfs/archive/d6942d68aa7e2fc6d51945bfcbe6f1fedc88729e.jpg
?Hi-Res??????????? -	"??????
?????
?????
??????
?????https://t1.kugou.com/song.html?id=t3M794BiV2 
????????????
?????????????
????????????
?????????
??????????"	???n	??	av236724095	BV1ke411d7dq	https://www.bilibili.com/video/BV1ke411d7dq	17/1/2026 22:05	2/12/2023 7:43	195	414194	68	2212	http://i1.hdslb.com/bfs/archive/8493b05ac0bf21aa9f467ad01e037faeda56e388.jpg
?Hi-Res??????? - ??????? ????? ????????	"???????
???3????
?????
????????
????????????
????????????"	???n	??	av325362316	BV15w411G7kH	https://www.bilibili.com/video/BV15w411G7kH	17/1/2026 22:03	26/12/2023 12:20	184	259740	4	3759	http://i2.hdslb.com/bfs/archive/892e238e08bf4eaccf3f2d3c6455727986929a45.jpg
?Hi-Res??????????? - ??? ??????? ??? ??????? ??? ??????? ??? ??? ???	"????????
???????????
???????????
??????
????????????
????????????"	???n	??	av878760346	BV1oN4y1H7wx	https://www.bilibili.com/video/BV1oN4y1H7wx	17/1/2026 22:01	14/1/2024 16:48	239	443110	17	4198	http://i2.hdslb.com/bfs/archive/9b389e90f551139d4815d07f093719fe85ce3183.jpg
?Hi-Res??????????????? - ??????? ??????? ???????	"????????????
??????
????????????
????????????"	???n	??	av1151197507	BV18Z421y7Tp	https://www.bilibili.com/video/BV18Z421y7Tp	17/1/2026 21:55	27/2/2024 19:56	237	135313	9	1491	http://i2.hdslb.com/bfs/archive/6460321a5dd281a3114183f4960d5e3d30c1e8aa.jpg
??????????????? - ?????????? ?????? ???????? ?????????? ??????	"?????????
?????
?????
??????
????????????
????????????????"	???n	??	av1303536221	BV1Qu4m1F7j5	https://www.bilibili.com/video/BV1Qu4m1F7j5	17/1/2026 21:41	25/4/2024 17:15	169	60344	1	1037	http://i0.hdslb.com/bfs/archive/7c253792172cc35598d2ad31435d4655830e0343.jpg
?Hi-Res?????????? - ??????????? ??????????? ?????? ????? ?????????	"????????
?????/???
??????/???
?????
????????????
????????????????"	???n	??	av1253976284	BV1UJ4m1E7aB	https://www.bilibili.com/video/BV1UJ4m1E7aB	17/1/2026 21:37	30/4/2024 20:14	192	176990	3	2350	http://i1.hdslb.com/bfs/archive/57d8a66042f6f49e298f97cb91b9b8e3834d9292.jpg
?Hi-Res????????????? - ????????? ???????? ????????? ????????	"??????????
?????
?????
??????
????????????
????????????????"	???n	??	av1753842957	BV1yt421c7DZ	https://www.bilibili.com/video/BV1yt421c7DZ	17/1/2026 21:36	2/5/2024 18:14	275	322979	5	4484	http://i0.hdslb.com/bfs/archive/ac72e36a78750d7c31f543fc3974bf8b838dca29.jpg
?Hi-Res?????????? - ?????? ?????? ?????? ?????? ?????? ?????????	"???????
??????
??????
??????
????????????
????????????????"	???n	??	av1604089759	BV1Nm421H7Zs	https://www.bilibili.com/video/BV1Nm421H7Zs	17/1/2026 21:35	3/5/2024 18:57	280	55738	1	319	http://i0.hdslb.com/bfs/archive/7b0525ddceeedafe44ef70a891908895a61a93b4.jpg
?Hi-Res???????????? - ?????? ???????? ?????? ???????? ?????? ???????	"?????????
???COP
???COP
??????(????)
??????/???
????????????
????????????????"	???n	??	av1654030425	BV1XE42157b5	https://www.bilibili.com/video/BV1XE42157b5	17/1/2026 21:35	6/5/2024 17:51	249	163814	1	903	http://i1.hdslb.com/bfs/archive/c3648282b5b1d4ee89e977013ca76ffbbaa66560.jpg
?Hi-Res???????????????- ???? ?????????? ??? ?????? ????? ??????? ???????????	"????????
??? ??
??? ??
??? ???????
????????????
????????????????"	???n	??	av1754340291	BV1zt421u76Q	https://www.bilibili.com/video/BV1zt421u76Q	17/1/2026 21:33	11/5/2024 19:20	177	190814	1	2808	http://i1.hdslb.com/bfs/archive/fcf5c039b292377d3cf7a69cf5080c19357f1887.jpg
?Hi-Res??????????? - ???? ?????? ???? ??????? ???? ???????? ??????????	"????????
?????/??
?????
??????
????????????
????????????????"	???n	??	av1854725069	BV1ws421w7cq	https://www.bilibili.com/video/BV1ws421w7cq	17/1/2026 21:28	16/5/2024 19:24	202	352543	22	5498	http://i1.hdslb.com/bfs/archive/b6dde815c5eb5481b4a45209bf70a5fb4560048b.jpg
?Hi-Res??????????? - ?????? ?????? ???????? ?????? ?????? ????????	"????????
??????????
?????
??????
????????????
????????????????"	???n	??	av1354608569	BV1Zz42117sQ	https://www.bilibili.com/video/BV1Zz42117sQ	17/1/2026 21:28	18/5/2024 18:43	177	269695	2	3303	http://i0.hdslb.com/bfs/archive/45922f4d7b07f4b018265e4e0c976afefac77b43.jpg
?Hi-Res??????????? - ?????? ?????? ?????? ?????? ??????? ???????	"?????????
??????
??????
?????
????????????
????????????????
67"	???n	??	av1654796505	BV1FE421F7uZ	https://www.bilibili.com/video/BV1FE421F7uZ	17/1/2026 21:25	20/5/2024 21:15	236	83144	10	1208	http://i1.hdslb.com/bfs/archive/3e033c55c41e96ee94a4d2879d35d6a834970d1a.jpg
?Hi-Res?????????? - ??? ??? ??????? ??? ??????? ??? ??? ??????? ??? ???????	"????????
??????
??????
?????
????????????
????????????????"	???n	??	av1456298058	BV1ii421h7FB	https://www.bilibili.com/video/BV1ii421h7FB	17/1/2026 21:07	28/7/2024 21:43	208	469188	23	8492	http://i0.hdslb.com/bfs/archive/0f69ffea5427cfbf3b5a768f5772ed4604a53df0.jpg
?Hi-Res??????????????? - ??????? ????? ????? ?????? ??????? ????? ???????	"????????????
???????/??
?????
??????
????????????
????????????????"	???n	??	av1806283773	BV1Ab421J72S	https://www.bilibili.com/video/BV1Ab421J72S	17/1/2026 19:40	29/7/2024 21:08	208	373201	6	5414	http://i1.hdslb.com/bfs/archive/b09ee3156c04f773dbc2bdff1b554d34a058be70.jpg
?Hi-Res?????????????????? - ???????? ???????? ????????? ?????????	"????????
??: ??
??: ???/???
??: ??????????
????????
????????????"	???n	??	av114127699840558	BV1bmRWYhEUU	https://www.bilibili.com/video/BV1bmRWYhEUU	17/1/2026 19:20	9/3/2025 0:17	187	78021	26	1326	http://i1.hdslb.com/bfs/archive/3739ddabc696a21e33bcc8d01a9f7bb39d39da80.jpg
?Hi-Res????????????? - ??????????? ?????????? ??????????? ???????????	"?????????
?????
??????
???????
????????
????????????"	???n	??	av113894664179372	BV1PZfzYCE9L	https://www.bilibili.com/video/BV1PZfzYCE9L	17/1/2026 19:10	26/1/2025 20:36	278	318187	226	7909	http://i0.hdslb.com/bfs/archive/fd9822e67c3b40c609fb0438898dd892ceb42179.jpg
?Hi-Res??????Annie-?????? ???? ??????????	"???????Annie?????????2024?3?19??????????????

??????????????????"	???????	??	av1303375030	BV1dM4m1D7dD	https://www.bilibili.com/video/BV1dM4m1D7dD	17/1/2026 19:07	17/4/2024 18:56	185	1399051	101	26223	http://i1.hdslb.com/bfs/archive/78b29d9f00a9b9dbfff918b7b4ee9f5ab53ceef2.jpg
?Hi-Res????????????????????????????? ??????? ???????????? ????????	"?????????? ???????????????????????????????? 

?Hi-Res?????? (??????)????????????????????????????????????? ??????? ???????????? ?????????????/Lyrics? 
	?????
	??????
	?????
	???????
	???/?????
	?????
	?????

???2019?6?27????????????????????????"	???????	??	av239057216	BV13e4112778	https://www.bilibili.com/video/BV13e4112778	17/1/2026 19:05	22/1/2024 18:30	283	4663468	958	68599	http://i1.hdslb.com/bfs/archive/4319c5625915db5d5b75faf9554aa525af609bb5.jpg
??????   ??? - G.E.M. ??????? ??? ??????? ??? ???????	"-???????,????!
-???????????????
-????????
-???????????
-?????????????????????
-?????????"	?????	??	av114267906901689	BV1SbfKYWEEd	https://www.bilibili.com/video/BV1SbfKYWEEd	17/1/2026 19:03	2/4/2025 18:38	221	208136	112	5059	http://i0.hdslb.com/bfs/archive/13b2b4dd46878bb68663a94f287eb77d38b15187.jpg
?Hi-Res??????Annie??????????????????????????? ????? ??????? ???????/Lyrics?	"?????????? ????????????????????????????????

?Hi-Res??????Annie????????????????????? ????? ??????? ???????/Lyrics?
??????
??????/??
??????
??????
????"	???????	??	av115252796591291	BV1JHJCzdE91	https://www.bilibili.com/video/BV1JHJCzdE91	17/1/2026 18:51	23/9/2025 17:08	178	401890	14	3000	http://i1.hdslb.com/bfs/archive/a58ea8056aa8fefc5387537a27be8a2727c5b507.jpg
?Hi-Res???DAWN???????BGM??????? ???? ??????????/Lyrics?	"?????????? ????????????????????????????????

?Hi-Res???DAWN???????BGM??????? ???? ??????????/Lyrics?
????? /??
?????
?????

 (?????????????????????????????"	???????	??	av115040464145338	BV1vGYBzeELy	https://www.bilibili.com/video/BV1vGYBzeELy	17/1/2026 18:51	17/8/2025 18:00	230	347047	251	3900	http://i2.hdslb.com/bfs/archive/39cfaa158b5183696871f4a22ca79223a01049df.jpg
?Hi-Res?????Johnny/???Annie?????????????????????? ???????????/Lyrics?	"?????????? ????????????????????????????????

?Hi-Res?????Johnny/???Annie?????????????????????? ???????????/Lyrics?
?????/???
?????Johnny
?????Johnny

 (?????????????????????????????"	???????	??	av115017563245748	BV1dTbFzUEuN	https://www.bilibili.com/video/BV1dTbFzUEuN	17/1/2026 18:49	13/8/2025 18:00	219	427973	21	4528	http://i0.hdslb.com/bfs/archive/f2c36687ecc364a4b38a75c62389594efa29961d.jpg
?Hi-Res?????/??????????????????????? ??????? ?????????????/Lyrics?	"?????????? ????????????????????????????????

?Hi-Res?????/??????????????????????? ??????? ?????????????/Lyrics?
??????
??????
???????

 (?????????????????????????????"	???????	??	av114967365813587	BV1oVhjziEVE	https://www.bilibili.com/video/BV1oVhjziEVE	17/1/2026 18:44	4/8/2025 7:16	264	379102	119	3329	http://i2.hdslb.com/bfs/archive/a63aff8dd835a621d012e47809b6c666aca08e13.jpg
?Hi-Res?????????????????????????????? ??????? ??????? ?????????/Lyrics?	"?????????? ????????????????????????????????

?Hi-Res?????????????????????????????? ??????? ??????? ?????????/Lyrics?
??????
??????
??????


 (?????????????????????????????"	???????	??	av114944179700938	BV1La8rzqErH	https://www.bilibili.com/video/BV1La8rzqErH	17/1/2026 18:39	31/7/2025 18:00	174	1008545	451	18785	http://i0.hdslb.com/bfs/archive/d45f8b87c65bb2954b6d1801f52926ed2754b3fb.jpg
?Hi-Res???????????????????????? ??????? ?????????? ?????????/Lyrics?	"?????????? ????????????????????????????????

?Hi-Res???????????????????????? ??????? ?????????? ?????????/Lyrics?
?????
?????
?????

 (?????????????????????????????"	???????	??	av114859421205986	BV1RqusziEhc	https://www.bilibili.com/video/BV1RqusziEhc	17/1/2026 18:39	16/7/2025 18:00	273	710439	86	12107	http://i0.hdslb.com/bfs/archive/f47ee5b747518b474ee61d78473ec04077782043.jpg
?Hi-Res?????/???????????????????????? ???????? ???? ?????????/Lyrics?	"?????????? ????????????????????????????????

?Hi-Res?????/???????????????????????????? ???????? ???? ?????????/Lyrics?
?????
??????
??????

 (?????????????????????????????"	???????	??	av114683981857999	BV148MSzsEGq	https://www.bilibili.com/video/BV148MSzsEGq	17/1/2026 18:32	15/6/2025 18:00	229	613388	228	9362	http://i2.hdslb.com/bfs/archive/2a00f3b043302093efc941298ff07bdbcb003132.jpg
?????????	??????????	?Small	??	av115818893411411	BV1orvUBHE3z	https://www.bilibili.com/video/BV1orvUBHE3z	16/1/2026 21:41	1/1/2026 16:29	42	2865124	7845	99038	http://i1.hdslb.com/bfs/archive/b9a88733d0a932c931f1903ff29168a7dd48533a.jpg
??????????????????……?	"???????????????
????????
?????????????????????
????????????????????
????????????????
?????????????
??????????
???????????????
??????? ?????
????????? ?????
????? ?????
????? ?????
……

????????100%????????????

????????????????????????
????????
2026?????????"	???	??	av115904138447067	BV1sHrkBYE1Z	https://www.bilibili.com/video/BV1sHrkBYE1Z	16/1/2026 20:34	16/1/2026 17:56	89	369321	176	4559	http://i1.hdslb.com/bfs/archive/48521d09729f6c6ccf4b0530c2f8c1ec5e0bee8b.jpg
?????“?????? ?????????”?????		????	??	av115831258286112	BV1k7iqBAEMa	https://www.bilibili.com/video/BV1k7iqBAEMa	16/1/2026 20:28	3/1/2026 20:52	155	19935	0	382	http://i1.hdslb.com/bfs/archive/1a156c93751576a1e9685a3291c0dab59376a662.jpg
?Hi-Res??????????????????????????  ????????  ????????????/Lyrics?	"?????????? ????????????????????????????????

?Hi-Res?????????????????????????? ???????? ????????????/Lyrics?
?????
??????

 (?????????????????????????????"	???????	??	av114536308802040	BV1eYEZzDEQA	https://www.bilibili.com/video/BV1eYEZzDEQA	16/1/2026 18:03	20/5/2025 18:30	258	2491424	243	55945	http://i0.hdslb.com/bfs/archive/061d96b93c1ecd0ecb391a16d4d2d2707e0031ed.jpg
?Hi-Res???????????????????????????? ???? ???? ????????/Lyrics?	"?????????? ????????????????????????????????

?Hi-Res????????????????????????????? ?????? ?????? ???????????/Lyrics?
?????
?????
??????

 (?????????????????????????????"	???????	??	av114508173412025	BV17BErzVENP	https://www.bilibili.com/video/BV17BErzVENP	16/1/2026 17:57	15/5/2025 18:00	233	366125	8	2777	http://i1.hdslb.com/bfs/archive/28093001ed7ad1c0d598c50ca362403734de02ab.jpg
?Hi-Res???????????????????????????? ????? ?????????????/Lyrics?	"?????????? ????????????????????????????????

?Hi-Res???????????????????????????? ????? ?????????????/Lyrics?
???Yoki
??????
???Mzf??

 (?????????????????????????????"	???????	??	av114428045428861	BV1dgGhzFEe9	https://www.bilibili.com/video/BV1dgGhzFEe9	16/1/2026 17:53	3/5/2025 18:00	237	414564	30	3902	http://i0.hdslb.com/bfs/archive/2da9f842dd2c8f1cb27bf1dec79a9d4420d38059.jpg
?Hi-Res???????????????????? ????? ??????? ??????? ???????????/Lyrics?	"?????????? ????????????????????????????????

?Hi-Res????????????????????????? ????? ??????? ??????? ???????????/Lyrics?

??????/??
??????
????????
???????Snow.J

 (?????????????????????????????"	???????	??	av114274349417800	BV1NTZSYvEpi	https://www.bilibili.com/video/BV1NTZSYvEpi	16/1/2026 17:46	5/4/2025 15:00	193	440013	214	5205	http://i2.hdslb.com/bfs/archive/56dcfe10342446bed9ba481510f7dfbeba8a626b.jpg
?Hi-Res???????????????????????????? ??? ????????????/Lyrics?	"?????????? ????????????????????????????????

?Hi-Res???????????????????????????? ??? ????????????/Lyrics?

??????
??????
???YZ/???

 (?????????????????????????????"	???????	??	av114255709863990	BV1JwZEYqEti	https://www.bilibili.com/video/BV1JwZEYqEti	16/1/2026 17:42	31/3/2025 17:00	214	536473	41	7640	http://i1.hdslb.com/bfs/archive/20efb21411e3ed21c7728ed6d4cde51ffbd37a27.jpg
?Hi-Res??????&?????????!???? ????? ????? ???? ??????????/Lyrics?	"?????????? ????????????????????????????????

?Hi-Res??????&??????????????????? ????? ????? ???? ??????????/Lyrics?
	?? : ??
	?? : ??
	??/??????

 (?????????????????????????????"	???????	??	av114133219410034	BV1TxRaYmEDX	https://www.bilibili.com/video/BV1TxRaYmEDX	16/1/2026 17:39	10/3/2025 19:00	293	424392	382	3277	http://i2.hdslb.com/bfs/archive/49931407b75c70695c28f6a9f8685784bbfde63d.jpg
?Hi-Res?????????(??) ???????????????? ??????  ?????? ??????????/Lyrics?	"?????????? ????????????????????????????????

?Hi-Res?????????(??) ???????????????? ?????? ?????? ??????????/Lyrics?
	?? : ??
	?? : ??

 (?????????????????????????????"	???????	??	av114055624788122	BV1pFA9eWEx6	https://www.bilibili.com/video/BV1pFA9eWEx6	16/1/2026 17:34	24/2/2025 18:00	189	713729	149	7149	http://i0.hdslb.com/bfs/archive/ceaffacea7d674bb072981e6d558f913eac10746.jpg
?Hi-Res???????????????????????? ??? ???????????/Lyrics?	"?????????? ????????????????????????????????

?Hi-Res???????????????????? ??? ???????????/Lyrics?
	????????
	?????
	??????

 (?????????????????????????????"	???????	??	av113755564281724	BV1FErAYXExN	https://www.bilibili.com/video/BV1FErAYXExN	16/1/2026 17:28	2/1/2025 15:00	182	576383	226	4585	http://i0.hdslb.com/bfs/archive/a2540b71f0e9b8323df647fdb31b0a1f1b8b27fc.jpg
?Hi-Res?????/??????????????????????? ??????? ?????? ???????????/Lyrics?	"?????????? ????????????????????????????????

?Hi-Res?????/??????????????????????? ??????? ?????? ???????????/Lyrics?
	?? : ??
	?? : ??
	??? : ??

 (?????????????????????????????"	???????	??	av113704209220806	BV19iC7YWEMH	https://www.bilibili.com/video/BV19iC7YWEMH	16/1/2026 17:24	24/12/2024 18:00	203	885083	241	12578	http://i0.hdslb.com/bfs/archive/7d5cb9d0457bf336c7552ff7c642f1429522342d.jpg
?Hi-Res???????????????????????? ??????? ?????? ????????????/Lyrics?	"?????????? ????????????????????????????????

?Hi-Res???????????????????????? ??????? ?????? ????????????/Lyrics?
	?????
	??????
	???????
	?????

 (?????????????????????????????"	???????	??	av113466308299338	BV1JMmsYhEDt	https://www.bilibili.com/video/BV1JMmsYhEDt	16/1/2026 15:39	12/11/2024 19:00	262	2112368	382	29427	http://i1.hdslb.com/bfs/archive/e8d2773a59852b1d2e43136eb79cc13a4fab2e5c.jpg
?Hi-Res???????????????????????? ????? ??? ?????????/Lyrics?	"?????????? ????????????????????????????????

?Hi-Res?????????????????? ????? ??? ?????????/Lyrics?
	??????/???
	??????
	???????

 (?????????????????????????????"	???????	??	av113410440169067	BV14vDFY2EXE	https://www.bilibili.com/video/BV14vDFY2EXE	16/1/2026 15:34	2/11/2024 17:00	296	446434	135	3788	http://i2.hdslb.com/bfs/archive/7076eee93dec8ec34564ca8a2b9356cf3540ba6b.jpg
?Hi-Res??????????????????????????? ?????? ?????? ??????????/Lyrics?	"?????????? ????????????????????????????????

?Hi-Res??????????????????????????? ?????? ?????? ??????????/Lyrics?
	?? : ???
	?? : ??
	???FS-Studio

 (?????????????????????????????"	???????	??	av113299106564732	BV1sB2zYVEGo	https://www.bilibili.com/video/BV1sB2zYVEGo	16/1/2026 15:26	13/10/2024 16:17	214	880921	319	14363	http://i1.hdslb.com/bfs/archive/26cbde79c1997d9d67327ca5a33e6eabe0394ff4.jpg
?Hi-Res????????????????????????????? ??????????????/Lyrics?	"?????????? ????????????????????????????????

?Hi-Res????????????????????????????? ??????????????/Lyrics?
	?? : ???/??
	?? : ???
	?? : ???

 (?????????????????????????????"	???????	??	av113237651686506	BV11M4geaE9e	https://www.bilibili.com/video/BV11M4geaE9e	16/1/2026 15:23	3/10/2024 18:00	191	588155	269	5207	http://i2.hdslb.com/bfs/archive/75d0e6a7c0b44eb5fc175d49cac07d5588dd70d2.jpg
?Hi-Res??????????????????????????????? ??????? ???????????????/Lyrics?	"?????????? ????????????????????????????????

?Hi-Res????????????????????????????????????? ??????? ???????????????/Lyrics?
	?????
	??????
	??????
	???????
	??????
	??????
	??????
	??????
	???????

?????@?????  

 (?????????????????????????????"	???????	??	av1306446440	BV13M4m117mt	https://www.bilibili.com/video/BV13M4m117mt	16/1/2026 15:14	29/7/2024 18:30	179	1010664	94	18208	http://i1.hdslb.com/bfs/archive/c033dbca124b3694e430061a30ea538ead08d2f2.jpg
?Hi-Res???“???DJ??????????”????????·???????????????????? ????? ???? ??????	"?????????? ????????????????????????????????

?Hi-Res???????????·???????????????????????? ????? ???? ?????????/Lyrics?
	??/???Soda??
	?????
	???litterzy
	??????
	??????P
	???????HBY

  (?????????????????????????????"	???????	??	av1505851036	BV1eS421d73H	https://www.bilibili.com/video/BV1eS421d73H	16/1/2026 15:07	27/6/2024 19:00	277	866415	263	10582	http://i2.hdslb.com/bfs/archive/2e1bd74fb44fcad70f33303e7a9a5b0166cd52d3.jpg
?Hi-Res???“???????????????????????”????/???????4K????????????? Wu ??????	"?????????? ????????????????????????????????

?Hi-Res???????/???????4K????????????? Wu ????? Wu ???????????/Lyrics?
	?????????
	??????
	???Morri3on(???)
???2019?6?6?????????????????2020?4?4???????????????
  
(?????????????????????????????"	???????	??	av1955331502	BV1yy411h7Pe	https://www.bilibili.com/video/BV1yy411h7Pe	16/1/2026 15:04	4/6/2024 18:52	216	889210	203	11045	http://i0.hdslb.com/bfs/archive/d55bf545697eba082cdad14fcf829d3685f3cdf0.jpg
?Hi-Res??????????????????????????????? ??????????? ??? ????????	"?????????? ????????????????????????????????

?Hi-Res????????????????????? | ????????? ??????????? ??? ???????????/Lyrics?
	?????
	?????
	???Mzf??

(???????????????????????????????????????????????????????????"	???????	??	av1755105354	BV1nt421N7Xt	https://www.bilibili.com/video/BV1nt421N7Xt	16/1/2026 14:58	30/5/2024 19:00	241	1994208	356	28510	http://i2.hdslb.com/bfs/archive/4e384e746e8c0a096125d098523e98fe61037c3d.jpg
?Hi-Res??????Annie???4K?????????????????  ????  ?????  ????? ??????	"?????????? ????????????????????????????????

?Hi-Res??????Annie???????????????????? ???? ????? ????? ?????????/Lyrics?
	?????
	?????
	?????

?????2024?3?19??????????????
  
(???????????????????????????????????????????????????????????"	???????	??	av1853594954	BV1vp421Q76i	https://www.bilibili.com/video/BV1vp421Q76i	16/1/2026 14:53	25/4/2024 18:31	185	717136	132	6651	http://i0.hdslb.com/bfs/archive/30e435f3cbb1ffef6cbffb36de32c609559b74b8.jpg
?Hi-Res???????????????????????????????? ???? ???? ????? ????	"?????????? ????????????????????????????????

?Hi-Res???????????????????????????????? ???? ???? ????? ???????/Lyrics?
	?????
	??????
	???Morri3on???
	?????
	??????????

???2020?4?4??????????????????
?????????
??????????????????????????????"	???????	??	av1502583546	BV1RD42157Aa	https://www.bilibili.com/video/BV1RD42157Aa	16/1/2026 14:44	3/4/2024 18:00	285	550807	223	3106	http://i0.hdslb.com/bfs/archive/982d72d18c392031d3a24baf8cd9301bab761145.jpg
?Hi-Res????????????????????????????????????????????  ????? ???????? ???????	"?????????? ????????????????????????????????

?Hi-Res???????????????????????????????????????????? ????????????/Lyrics?
	????????????
	??????
	?????
	??/??/????/???????

?????2017?1?18???????????????
???????????????????????

?????????????????????????"	???????	??	av1551214198	BV1Ty421B78T	https://www.bilibili.com/video/BV1Ty421B78T	16/1/2026 14:41	1/3/2024 19:20	174	1872822	210	31883	http://i1.hdslb.com/bfs/archive/3d8ad9369feef846b4f928f330093f33bd365f30.jpg
?Hi-Res?????/??/??/?????????????????????	"?????????? ???????????????????????????????? 

?Hi-Res?????/??/??/????????????????????? ??? ???????????????/Lyrics?
	??????/???
	???????
	?????Sui
	?????Sui
	?????2016??Bilibili???
	?????@73?????  

?????????????????????????

?????????????????????????"	???????	??	av1050995265	BV1fH4y1j7Kg	https://www.bilibili.com/video/BV1fH4y1j7Kg	16/1/2026 14:37	23/2/2024 19:15	287	1288852	184	15157	http://i0.hdslb.com/bfs/archive/ab02923829604cc93429b8547ad7020a749f011f.jpg
?Hi-Res?????????????????????????????????? ????? ?????? ??????	"?????????? ???????????????????????????????? 

?Hi-Res?????????????????????????????????? ????? ?????? ???????????/Lyrics? 
	???????
	???????
	?????
	?????
	?????????
	??/?????

???2022?11?22????

???????????????????????

?????????????????????????"	???????	??	av1250583827	BV14J4m1x7yg	https://www.bilibili.com/video/BV14J4m1x7yg	16/1/2026 14:34	16/2/2024 18:00	147	1255785	181	22333	http://i0.hdslb.com/bfs/archive/9525de6e2f79ef2b2cf074a666d6240e7868ad53.jpg
?Hi-Res??????????????????????????????????? ?????? ??????????	"?????????? ???????????????????????????????? 

?Hi-Res??????????????????????????????????? ?????? ???????????????/Lyrics? 
	??????/????
	??????/????
	???????

?????2014?7?9????????2016?1?5?????????????

???????????????????????"	???????	??	av923426016	BV1ZT4y1H7dT	https://www.bilibili.com/video/BV1ZT4y1H7dT	16/1/2026 14:26	6/1/2024 20:10	223	680029	165	4008	http://i2.hdslb.com/bfs/archive/d162b0e331550d4aff86fe1147bf1f2707eff27a.jpg
?Hi-Res???????????????????????????????????? ????????????	"?????????? ???????????????????????????????? 

?Hi-Res???????????????????????????????????? ?????????????????/Lyrics?
????? 
?????
??????"	???????	??	av367489836	BV1N94y1P7Si	https://www.bilibili.com/video/BV1N94y1P7Si	16/1/2026 14:19	19/12/2023 19:33	200	2715432	545	43785	http://i0.hdslb.com/bfs/archive/5d5d934cb07d14239a2078c5d90b871aa4ed4e87.jpg
?Hi-Res?????Johnny????Annie????????????????????????????????? ???????????	"?????????? ????????????????????????????????

?Hi-Res?????Johnny/???Annie????????????????????????????? ??????????????/Lyrics?
	?????
	??/??: ??Johnny
	?????Johnny
	??????Johnny
	?????
	???/?????????
	???????
	??/?????

????????????????????????"	???????	??	av748894214	BV1NC4y1N7qf	https://www.bilibili.com/video/BV1NC4y1N7qf	16/1/2026 14:18	27/11/2023 17:30	224	822125	229	6714	http://i0.hdslb.com/bfs/archive/0344ccee84f07aa608cd640df7b47ef9a1fcc1a2.jpg
?Hi-Res???????????????????????????????????????? ????? ??????	"?????????? ????????????????????????????????

?Hi-Res????????????????????????????????????? ????? ?????????/Lyrics?
	????????
	????????
	????????
	??????
	?????Sakura/HBY
	???HBY

????????????????????????????"	???????	??	av920465056	BV1Lu4y177vJ	https://www.bilibili.com/video/BV1Lu4y177vJ	16/1/2026 14:04	1/11/2023 17:47	315	1003403	146	4687	http://i2.hdslb.com/bfs/archive/4db3d1e4874ee11dc5ec808d117190a0c4a7e892.jpg
?Hi-Res??????????????????????????????????? ??????????	"?????????? ????????????????????????????????

?Hi-Res??????????????????????????????????? ????????? ??????? ???????????/Lyrics?
	???Cyan
	??????
	???Zeff
	???????
	????????
	?????????
	?????
	???Mr.??
	?????
	??????

??????????????????????"	???????	??	av962473078	BV1bH4y197SV	https://www.bilibili.com/video/BV1bH4y197SV	16/1/2026 13:58	22/10/2023 21:17	187	3367365	443	63249	http://i2.hdslb.com/bfs/archive/5fc9cd6224edf4ae1e46b4dbd2349e5e2f0efa60.jpg
?Hi-Res??????????????????????????????? ??????? ????? ???????	"?????????? ????????????????????????????????

?Hi-Res??????????????????????????????? ??????? ????? ??????????/Lyrics?
	?? : JBS-???
	?? : JBS-??
	??????
	??????
	????????
	??????
	??????
	???JBS Music
	?????

??????@??-??  

?????????????????????????"	???????	??	av917348584	BV1Uu4y1p72N	https://www.bilibili.com/video/BV1Uu4y1p72N	16/1/2026 13:55	17/10/2023 18:13	190	2348719	247	46495	http://i0.hdslb.com/bfs/archive/f17e9de5479fd738b22e7776ce7b5d533f6af39e.jpg
?Hi-Res??????????????????????????????????? ????? ?????? ?????	"?????????????????????@???  

?????????? ????????????????????????????????

?Hi-Res?????????????4K??????????????? ????? ?????? ????????/Lyrics?
	???Listen Dream
	?????????
	??????
	???????
	????????
	?????Joey.Z
	?????????

????????????????????????"	???????	??	av492068914	BV1NN41147zf	https://www.bilibili.com/video/BV1NN41147zf	16/1/2026 13:53	11/10/2023 18:21	181	1037144	149	8724	http://i0.hdslb.com/bfs/archive/7642c76b625749449607614436da24ce29acdc6b.jpg
???-??? | Hi-Res????	"?????? ?????
??????? ?????
——————————————————
?????-????Hi-Res?????
——————————————————
??????????~
——————————————————
??????????????
——————————————————
????~"	????	??	av115438151341366	BV1xvxPzKEn7	https://www.bilibili.com/video/BV1xvxPzKEn7	15/1/2026 18:37	26/10/2025 19:30	243	269819	161	6029	http://i0.hdslb.com/bfs/archive/dd06d3e68c50cfcc027a0105eb4419a29c95c031.jpg
????????????????????????	"????????????????????????????????
???BV1Jp4y1W74t
??/???????
?????
?????
???????
??/??????
????????"	????	??	av501665893	BV12N411R7zd	https://www.bilibili.com/video/BV12N411R7zd	15/1/2026 17:38	18/2/2021 18:00	269	2190001	3327	44807	http://i1.hdslb.com/bfs/archive/bdf39bbeadbf8e0d37569bd7a2ec0784915070a6.jpg
???????????2021??????	"???BV1zN411d7dG
??/???????
------------------------------??staff????---------------------------------
???KBShinya
?????
?????
?????
??????
?????
?????
bass????
???wuli??
?????????????????K"	????	??	av801658084	BV1hy4y1E7u8	https://www.bilibili.com/video/BV1hy4y1E7u8	15/1/2026 17:38	13/2/2021 18:00	241	4600225	3825	89706	http://i2.hdslb.com/bfs/archive/c4a6df5f99e9473efa3025a2ba7cb40d31d3256a.jpg
????????????? ?A????	"??/???????
???sakurai?
???????
??????"	????	??	av721795417	BV1dS4y197kY	https://www.bilibili.com/video/BV1dS4y197kY	15/1/2026 17:38	18/11/2021 14:57	271	32480155	46533	870998	http://i1.hdslb.com/bfs/archive/5396e7526d60b4575b54c4ce53d5c9ad9090df22.jpg
?Hi-Res??????????“??????????”?????????? ? ? ?????????? ???????	"?????????? ????????????????????????????????

?Hi-Res??????????4K????????????? ? ? ?????????? ??????????/Lyrics?
	??????
	??????
	???	????????????2012?
	
????????????2010?8?10??????????/La la la??

??????????????????????"	???????	??	av364365882	BV1A94y1a7iL	https://www.bilibili.com/video/BV1A94y1a7iL	15/1/2026 17:33	5/10/2023 17:30	217	968746	196	6814	http://i0.hdslb.com/bfs/archive/270e2828b069db7f3df3bc869b57e06ba7460353.jpg
?Hi-Res?????Jw????????????????????????????? ?????? ??????????	"????????????????

?????????? ????????????????????????????????

?Hi-Res?????Jw????????????????????????????? ?????? ?????????????/Lyrics?
	?? : ??
	?? : ??tide
	?? : ??
z	
	???????

???????????"	???????	??	av788883387	BV1CC4y1Z7GF	https://www.bilibili.com/video/BV1CC4y1Z7GF	15/1/2026 17:29	27/9/2023 17:35	243	1707216	505	22753	http://i0.hdslb.com/bfs/archive/0da7dc25dd9443e8c3a9ecfebd3376d7993bb9de.jpg
?Hi-Res?????&Aki??????????????????????????????? ???? ??????	"?????@???????  @?----------? 

?????????? ????????????????????????????????

?Hi-Res?????&Aki??????????????????????????????? ???? ?????????/Lyrics?
	?? : Vagary
	?? : ??
	?? : ???

???????????"	???????	??	av831102430	BV1Q34y1P7Ef	https://www.bilibili.com/video/BV1Q34y1P7Ef	15/1/2026 17:20	15/9/2023 21:18	240	3831589	891	61397	http://i0.hdslb.com/bfs/archive/7d08c9c66b37f3ff3d195cfaeab980f490cbceeb.jpg
?Hi-Res????????????2021?“????????????????”??????????? ???? ??????? ????????	"?????????? ????????????????????????????????

?Hi-Res????????????2021?4K???????????????? ???? ??????? ????????
	??:??????
	??:??????
	??:???????
	???????????

????????????????????????"	???????	??	av447262658	BV1Lj411B7RX	https://www.bilibili.com/video/BV1Lj411B7RX	15/1/2026 17:19	15/8/2023 9:30	264	1295495	215	23212	http://i1.hdslb.com/bfs/archive/aea29e60031acf4b13ac1fe79b60fb38bd68dd1b.jpg
????????????????????????????????? ?????????????/Lyrics?	"?????????YLMusicChannel?????? ???????????????????????????????

??????????????????????? ?????????????/Lyrics?
		??????
		??????
		??????
		??????
		???????
		?????

????????@LSMusicChannel  ?
????????????????????

??????????????"	???????	??	av608805500	BV1584y15728	https://www.bilibili.com/video/BV1584y15728	15/1/2026 17:06	4/2/2023 16:05	223	4459109	539	72531	http://i0.hdslb.com/bfs/archive/31e60863cfa2cbb1592c9f39343ae2d8a5d73c1b.jpg
?Hi-Res???????????????????????????????????????????? ????????	"?????????? ????????????????????????????????

?Hi-Res?????????????????????????????????????????? ????????
	??????
	???????
	???????
	??/?????
	???????
	??????

????????????????????"	???????	??	av870828158	BV18V4y1h7C2	https://www.bilibili.com/video/BV18V4y1h7C2	15/1/2026 17:04	11/7/2023 9:30	191	1375126	145	11131	http://i1.hdslb.com/bfs/archive/a0a3a539e7273cef039bcf60c8d63f6fdd185304.jpg
?Hi-Res??????????“?????????????????”???????So funny Ya i ya i ya i ya i ya i ya?	"?????????? ???????????????????????????????????@????  ??????

?Hi-Res??????????“?????????????????”???????So funny Ya i ya i ya i ya i ya i ya??????/Lyrics?
	?? : ???
	?? : ???
	??????
	??????
	??????
	???????

??????????????????"	???????	??	av315518526	BV1rP411e76T	https://www.bilibili.com/video/BV1rP411e76T	15/1/2026 17:00	5/7/2023 20:25	198	1092835	195	6880	http://i0.hdslb.com/bfs/archive/6f5c691cf303df6f24e961ac7634453c3194d40e.jpg
?Hi-Res???????????????????????????????? ???????? ??? ?????????	"?????????? ????????????????????????????????

?Hi-Res???????????????????????????????? ???????? ??? ??????????????/Lyrics?
	??????
	?????
	???????/???
	?????
	??????_Lijiabin
	??????
	?????

?????https://mbizhi.cheetahfun.com/dn/pd14955.html"	???????	??	av614254844	BV17h4y1s7xx	https://www.bilibili.com/video/BV17h4y1s7xx	15/1/2026 16:52	3/6/2023 8:57	181	5323064	578	89347	http://i2.hdslb.com/bfs/archive/a08e9543d5775591b4e57e8860f2137ade3d9b38.jpg
?Hi-Res????????Aki???????????????????????????????????????? ????????????/Lyrics?	"“????????????????”	——?????

?????????? ????????????????????????????????

??????Aki???????????????????????????????????????? ????????????/Lyrics?
	?????
	?????
	??????
	????????
	???Cuttlefish
	????????
	????within_??

?????????????? (???????) ?"	???????	??	av228844881	BV12h411w7pg	https://www.bilibili.com/video/BV12h411w7pg	15/1/2026 16:44	19/5/2023 18:50	274	872115	255	7128	http://i0.hdslb.com/bfs/archive/1ab3915165893da4a264d2350b44712cbfddbe6e.jpg
?Hi-Res????????SING?????????????????????????????? ????? ??????????????/Lyrics?	"?????????? ????????????????????????????????

??????SING?????????????????????????????? ????? ??????????????/Lyrics?
	??????
	??????
	??????
	??????
	??????????
	??????
	????SING?????????????????????????

?????????????? (???????) ?"	???????	??	av228534233	BV12h41157or	https://www.bilibili.com/video/BV12h41157or	15/1/2026 16:42	14/5/2023 8:51	219	739811	221	2678	http://i2.hdslb.com/bfs/archive/ddcf04a21dbb7079eae096f9ebbf3eb568075c36.jpg
???? ???	"??????
????1982
????1982
?????1982
??????1982
???Doctor Key??@DoctorKey??  
???????BOOBOO@??BooBoo  
????????@???  
PV???1982 ????????? /???/ ????/ ??/ ???"	??1982	??	av272115129	BV1ic411u79d	https://www.bilibili.com/video/BV1ic411u79d	15/1/2026 16:36	8/6/2023 9:50	202	7131591	2223	124257	http://i1.hdslb.com/bfs/archive/39ab3f2cabb63adfa7b4c78be50b51604a0d1d49.jpg
?? ???	"?????1982 / ????
?????1982 / ????
?????1982
??????1982
?????1982
?????booboo
????? ???? ??? ????2 ???? ???? ????? ??? ???? ?? ????? ????MV ????MV ???? ????"	??1982	??	av526768915	BV1sM411M7Cq	https://www.bilibili.com/video/BV1sM411M7Cq	15/1/2026 16:36	31/3/2023 18:00	202	10892584	3454	170559	http://i1.hdslb.com/bfs/archive/3bd0acf37163429c37380b8df2e66c6996663c39.jpg
??? ???	??/?????1982	??1982	??	av519194428	BV1jg411b7T7	https://www.bilibili.com/video/BV1jg411b7T7	15/1/2026 16:33	26/12/2022 7:11	174	23690177	5739	492833	http://i1.hdslb.com/bfs/archive/a9bafa387eabe6a43fe26d24ec40b8f19d96052a.jpg
??-???	??????1982	??1982	??	av350369246	BV1uR4y1e79e	https://www.bilibili.com/video/BV1uR4y1e79e	15/1/2026 16:30	15/1/2023 9:09	190	12074388	2370	221596	http://i0.hdslb.com/bfs/archive/715e936931d27ecd2587367b2bc5184006a3425f.jpg
?Hi-Res???Sail???????????????????????????????? ??????????? ????????	"“????????????????????????????????” ——?????

?????????? ????????????????????????????????

?Hi-Res???Sail???????????????????????????????? ??????????? ?????????????/Lyrics?
	?????
	?????
	???????
	???Sail
	??????

?????????????????????"	???????	??	av269378220	BV15c41157uR	https://www.bilibili.com/video/BV15c41157uR	15/1/2026 16:29	2/4/2023 8:40	202	1041494	297	5937	http://i1.hdslb.com/bfs/archive/fdfb0dae3440cbef3c2e6bc6311ba4a818fa1e00.jpg
?Hi-Res?????????????????4K?????????? ???? ??????? ??????????/Lyrics?	"“????????????????????????????????????????????????” ——?????

?????????? ????????????????????????????????

?Hi-Res???????????????????????? ???? ??????? ??????????/Lyrics?
	?????????
	??????
	???WH??
	??????·?????????

?????????????????????"	???????	??	av268640081	BV1zc411E75z	https://www.bilibili.com/video/BV1zc411E75z	15/1/2026 16:29	17/3/2023 23:40	191	948192	130	4659	http://i2.hdslb.com/bfs/archive/dd8771517d279bd85f17682f09110d201980245c.jpg
??????????????? ????? ?????	??????????????? ????? ?????	??????	??	av1106486089	BV1Fw4m1C78j	https://www.bilibili.com/video/BV1Fw4m1C78j	15/1/2026 16:24	6/8/2024 13:19	185	2212811	823	32828	http://i2.hdslb.com/bfs/archive/77b5f7dafaf3f04003a340b6507c10ec05c16e41.jpg
??????????? ???Alex??????Hi-res?	"??????????????-tide??????Alex?????????2017?8?2???????????????

?????
???Neumann M149 tube Pair
????SSL Duality Delta Pro Station
????PT
???Barefoot MM12
[??]"	JLRS-LeoFM	??	av663247122	BV1Ka4y1S7at	https://www.bilibili.com/video/BV1Ka4y1S7at	15/1/2026 16:24	8/11/2023 18:40	267	4853179	804	76916	http://i2.hdslb.com/bfs/archive/21cadcc216bf8310020c9d419ef27d661e9d7670.jpg
?????????????????????????????????? ????? ?????????????/Lyrics?	"?????????YLMusicChannel?????? ???????????????????????????????

???????????????????????? ????? ?????????????/Lyrics?
	?????
	?????
	??????
	??????????
	?????????
	?????
	????????
	??????

??????????????????????????"	???????	??	av566671933	BV19v4y14771	https://www.bilibili.com/video/BV19v4y14771	15/1/2026 16:16	10/2/2023 22:49	190	1380854	93	13362	http://i2.hdslb.com/bfs/archive/09c95f6385be251c39aad307587dfaf79084ff43.jpg
"?????????""?????????"""	"?????
?????
???????
??????
Rap ???
??????
·
??/???????IKU
?????
?????
??????
??????
pv????
?????"	??IKU	??	av604977268	BV1R84y1v7nX	https://www.bilibili.com/video/BV1R84y1v7nX	15/1/2026 16:10	9/11/2022 1:30	221	1901356	249	19154	http://i1.hdslb.com/bfs/archive/586d0751b78827d8e6473215dbff748fc2fa5371.jpg
???????????????????? ?????? ????? ?????????????	"???????????????????????????????????????????

???????????????????? ?????? ????? ?????????????

		?????
		?????
		?????
		???KITO
		?????"	???????	??	av861261383	BV1ZV4y1w7N4	https://www.bilibili.com/video/BV1ZV4y1w7N4	15/1/2026 16:00	14/12/2022 3:21	173	1760659	222	11610	http://i1.hdslb.com/bfs/archive/0c40727d6759ee8050d62bc58cf6c592a63468a5.jpg
????????????????????? ????????????????	"???????????up???????????????????????????????????

????????????????????? ??????????

		??????
		??????
		??????
		???????
		??????

????????BGM??????????"	???????	??	av347693988	BV1RR4y1Z78u	https://www.bilibili.com/video/BV1RR4y1Z78u	15/1/2026 15:57	15/11/2022 6:52	157	17622211	4930	324401	http://i2.hdslb.com/bfs/archive/78aa2ef257062b45aa33f04e4a271631ad6effa7.jpg
??????????????cover???????????????????? ?????????	"?????????FZBMusicChannel????????????????????????????
????????????????????

	?????
	??????
	??????
	?????

(?????????????????)"	???????	??	av465393893	BV1pL411V7uq	https://www.bilibili.com/video/BV1pL411V7uq	15/1/2026 15:54	4/1/2022 20:44	187	1510172	119	11966	http://i2.hdslb.com/bfs/archive/2ed316bffec35abdf520a3f5d14aa4e39086405c.jpg
????????????........?????	?? ?? ??	??dog2	??	av209873944	BV1Fa411k7g6	https://www.bilibili.com/video/BV1Fa411k7g6	14/1/2026 21:29	12/12/2021 19:51	483	273156	2139	3257	http://i1.hdslb.com/bfs/archive/d6d94e5ac61e962daf0719fff19a88f5d822a297.jpg
????????	"????????????????????????????????????
??????-???
??/??/??/PV/??????????
???????"	???????	??	av40301311	BV1Bt411s7mn	https://www.bilibili.com/video/BV1Bt411s7mn	8/1/2026 17:23	9/1/2019 18:10	144	7815762	27068	186405	http://i1.hdslb.com/bfs/archive/4e081315239e447de373f4602fb7a5f9330b48c5.jpg
?? ???? ?MV	?? YY??4096??~????	V???V	??	av7830706	BV13s411Y7qR	https://www.bilibili.com/video/BV13s411Y7qR	8/1/2026 15:59	3/1/2017 9:55	297	1579	0	26	http://i1.hdslb.com/bfs/archive/5fbdd49880a2b88f3f9e89890392a22566e79b13.jpg
?????????  ???  ???	????????????  ???  ??? (MV)	B????	??	av497611672	BV1EK411L7V7	https://www.bilibili.com/video/BV1EK411L7V7	8/1/2026 15:54	29/3/2020 9:39	333	53815	82	912	http://i0.hdslb.com/bfs/archive/51829ef8b335cb7ea0e28b76a254646f599d9ec0.jpg
?Hi-Res???DOUDOU????????? | 4K?????????? ???????????/Lyrics?	"?????????? ????????????????????????????????

?Hi-Res???DOUDOU????????????? ???????????/Lyrics?
???DOUDOU
???DOUDOU
???DOUDOU
????DOUDOU/yuyunhsieh
????

???????????????"	???????	??	av115315308561445	BV1SHxszvEg4	https://www.bilibili.com/video/BV1SHxszvEg4	3/1/2026 0:58	4/10/2025 18:04	264	5591025	1665	218789	http://i0.hdslb.com/bfs/archive/282c25b8bd4e4eee5078c47e5f28a2c26951d539.jpg
?Hi-Res????????????????????????????? ?????? ?????????? ???????????/Lyrics?	"?????????? ????????????????????????????????

?Hi-Res???????????????4K????????????? ?????? ?????????? ???????????/Lyrics?
	?????
	??????
	??????

 (?????????????????????????????"	???????	??	av113532142158344	BV1SLBmYQEdW	https://www.bilibili.com/video/BV1SLBmYQEdW	3/1/2026 0:50	23/11/2024 20:02	200	7350661	8087	132209	http://i2.hdslb.com/bfs/archive/a7643879adffb2bb797ad9bca1bdc0c8dbcd12bc.jpg
?Hi-Res???????????“???? ????????????? ????????”	"?????
???????,?????
??:???
??:???
??:??

???????"	????	??	av114108691125707	BV1ZC9dYbEKn	https://www.bilibili.com/video/BV1ZC9dYbEKn	3/1/2026 0:44	9/3/2025 19:25	311	541324	163	13450	http://i2.hdslb.com/bfs/archive/a26d4890f74a149320dce90207b6a1185f3612d0.jpg
?Hi-Res??????????????????? | 4K????????? ??????? ??????? ???????????/Lyrics?	"?????????? ????????????????????????????????

?Hi-Res???????????????????????????? ??????? ??????? ???????????/Lyrics?
??????
???????/??
?????
?????/???
????"	???????	??	av115590085741406	BV1YPUJBwE5k	https://www.bilibili.com/video/BV1YPUJBwE5k	30/12/2025 14:41	22/11/2025 6:44	241	470053	40	2976	http://i2.hdslb.com/bfs/archive/5dbbfe89f3a0db2c2abab5595708cea6bc0ede72.jpg
????? Wellerman ???????????????	"https://haokan.hao123.com/v?vid=18120995048853180995&pd=haokan_share&context=%7B%22cuid%22%3A%220uHji0OzHi_a82ialav2u_ihH8gla28zl824alPQHuKaLqqqB%22%7D
???????????????????????????????????"	????	??	av690193575	BV1g24y1m73d	https://www.bilibili.com/video/BV1g24y1m73d	29/12/2025 23:47	15/11/2022 2:50	184	463710	32	34919	http://i2.hdslb.com/bfs/archive/2820541b2bcd3da9489ba91468944fbee341d5a2.jpg
??????????????????-Santiano?	??????????????????????1846?1848????????????????????????????150????????????????·???Santa Anna????????????????????????????????????·?????????????????Santianna???????????????????????????????????????????????Santiano????	?????	??	av968679678	BV1zp4y1U7zx	https://www.bilibili.com/video/BV1zp4y1U7zx	29/12/2025 23:44	24/6/2020 22:06	180	1470014	331	30168	http://i2.hdslb.com/bfs/archive/d319af9080cb47cbbae10d0538b233d1981efec3.jpg
????????-Johnny Boy????????????	"??????-Johnny Boy?
Santiano??????????????????"	?????	??	av456113093	BV1f5411W7wm	https://www.bilibili.com/video/BV1f5411W7wm	29/12/2025 23:39	20/6/2020 21:46	211	1930543	497	31819	http://i2.hdslb.com/bfs/archive/709bb14ad7b9b63da1ea18416a47ac2c7f77d5e6.jpg
???--?OfficialMusicVideo????????	"??????????????????B???
???????
??/??????????
Direct by ??Mixing
?????
???CHIGGA LEE
?????????LAB"	???????	??	av114658765709270	BV176M3zPEZu	https://www.bilibili.com/video/BV176M3zPEZu	10/12/2025 15:03	10/6/2025 19:16	137	44717790	469853	1675856	http://i2.hdslb.com/bfs/archive/538b3ca731bbb279a7b944c1bf60b64f65a8b971.jpg
??????????????????	"BGM????????????
?????? ???)
?????????
?????@???? 
???????????????????????

????????????????????
??:https://pan.baidu.com/s/1Id8_aEp8ITyPc1kH2HyOBA?pwd=blbl 
???:blbl??????

??:https://pan.baidu.com/s/1DTkhNcMXgTUe8pn8z9Qv6Q?pwd=blbl 
???:blbl??????"	??????	??	av225728487	BV1Tb411f7sr	https://www.bilibili.com/video/BV1Tb411f7sr	2/12/2025 15:40	10/3/2023 10:51	252	503175	315	4628	http://i1.hdslb.com/bfs/archive/d1e4bca8b44bf3f610a24b849551f5f90e1a1261.jpg
????·?????????????????????????????	"BGM?@??????? ??????
???@???P 
????BV1TV411W7vR
?????? ???)
?????????

????????????????????
??:https://pan.baidu.com/s/1Fd66omByEKcmWcsgAhRtNQ?pwd=blbl 
???:blbl"	??????	??	av994632760	BV1Qs4y127Mi	https://www.bilibili.com/video/BV1Qs4y127Mi	2/12/2025 15:34	8/4/2023 14:59	215	809915	465	10739	http://i2.hdslb.com/bfs/archive/d46ee286dfba7b2f3c2ece8f0bf32d8d191ca5d8.jpg
????????????????????	"BGM????
??????
???@?? 
???@??? 
?????
??????/??
??????
???????
?????
??????
???????X?????
?????BV16bFVehEUQ
?????BV1TU6QYYEts

?????@?????? 
?????????

?????——
??????????????.mp4
???https://pan.baidu.com/s/1wS6k3zpJ0Enn-39cQnKAmg?pwd=bsjl 
????bsjl"	??????	??	av113927413304854	BV1x6cFezEqc	https://www.bilibili.com/video/BV1x6cFezEqc	2/12/2025 15:30	1/2/2025 15:20	146	81751	2	420	http://i1.hdslb.com/bfs/archive/293083ef7ac031b23827549e282b93382ca012f3.jpg
?????????????????????	"BGM??????????????
??:https://pan.baidu.com/s/1YztlywxifyNNmrLFS2X4rQ?pwd=blbl 
???:blbl"	??????	??	av519423736	BV11g41147EU	https://www.bilibili.com/video/BV11g41147EU	2/12/2025 15:25	31/12/2022 1:27	162	9675890	3453	141890	http://i0.hdslb.com/bfs/archive/4b65894d4f44b0a8ebb464c53383f0627c106c0f.jpg
????·??1982?????????????????????	"BGM???1982??????
????????????????
?????@????? 

????????????????????????????????????? ????
??:https://pan.baidu.com/s/1EL17SRdz09RyaLE-pmMwGQ?pwd=blbl 
???:blbl"	??????	??	av393137372	BV1Md4y15778	https://www.bilibili.com/video/BV1Md4y15778	2/12/2025 15:24	21/1/2023 4:52	60	507150	12	1456	http://i2.hdslb.com/bfs/archive/d9dd6c09dce78366710df2c2bce832c7c3d30ec5.jpg
????·??1982?????????????????????	"BGM?@??1982 ??????
?????????????????(???)
???????????????

????????????????????
??:https://pan.baidu.com/s/114KQlIfgXXVL-qQ3DkhjXQ?pwd=blbl 
???:blbl"	??????	??	av309393285	BV1XA411m7yn	https://www.bilibili.com/video/BV1XA411m7yn	2/12/2025 15:15	16/2/2023 6:07	189	1094553	174	11513	http://i2.hdslb.com/bfs/archive/c0952331642fd666cc6bc4384b6635955acfeac8.jpg
???·??1982?????????????????????	"?????——

??/??/??/?????1982
?????BooBoo
??/??/???Lennox??
?? A&R????Amy Piao
?? Presented by?Global Savage Generation(GSG) X ????

?????????????, ???????????????:https://pan.baidu.com/s/1MrYv5kOH977eYoeH9S4zFA?pwd=qtki ???: qtki
*???????, ?????~"	??????	??	av399883006	BV11o4y177sV	https://www.bilibili.com/video/BV11o4y177sV	2/12/2025 14:59	17/6/2023 23:09	184	693029	88	4811	http://i2.hdslb.com/bfs/archive/844ace4a49c2ac3b3f712c484763e6f7d2bb345d.jpg
????????????????????????	?????????????????	?????	??	av115446791537077	BV18EsDzzEz5	https://www.bilibili.com/video/BV18EsDzzEz5	1/12/2025 0:51	27/10/2025 23:21	143	3980252	7279	71738	http://i0.hdslb.com/bfs/archive/243d1881537c0451e3190a4e39bc87ba4ce869fa.jpg
???? - ???Hi-Res?????		????	??	av113221092512578	BV1c7x1eJE5c	https://www.bilibili.com/video/BV1c7x1eJE5c	29/11/2025 20:09	29/9/2024 21:41	333	160440	70	1787	http://i2.hdslb.com/bfs/archive/2a0550abfa6115daac00c0d3d25185572303fb31.jpg
“???????????”	"????????
???@???  
??/???@?????O_o"	?????O_o	??	av113391800686521	BV1UPSaYPEBq	https://www.bilibili.com/video/BV1UPSaYPEBq	28/11/2025 23:52	30/10/2024 10:00	108	1171542	319	52485	http://i1.hdslb.com/bfs/archive/a7438744af9ab8f460e4f12c29ec84a2d9cf2369.jpg
?????????	"?55???????????????????????????????????????????????????1900??????????????????????????????????????????????????

????
??????????????????????????
??????????????????????????
??????????????????????????
???????????????????????55??????????????????
???????????
???"	Minecraft_??	??	av115518581250561	BV1NukQB4EeG	https://www.bilibili.com/video/BV1NukQB4EeG	28/11/2025 23:50	9/11/2025 15:34	123	386866	4061	7567	http://i2.hdslb.com/bfs/archive/bac1bcd04576ecb2749232459bd93765d989ca5f.jpg
